title,user_id,created_at,comments
Fix camera_ids.,kuriking,2016-12-25T02:18:45Z,"[{'user_id': 'yukkysaito', 'created_at': '2017-01-13T16:38:54Z', 'comment_text': '@kuriking Thank you for fix. I checked this commit.'}]"
Hotfix/javad navsat driver,h-ohta,2016-12-22T04:25:03Z,[]
Defaults for unset CUDA_CAPABILITY_VERSION,manato,2016-12-18T05:42:09Z,"[{'user_id': 'manato', 'created_at': '2016-12-18T05:50:24Z', 'comment_text': '@tushar-dadlani \r\nThank you for making PR(#536).\r\nAs simple fixing is needed for your modification, I decided to merge your suggestion by this PR(#549) which is added fixing.\r\nThank you very much again for pointing out the problem!'}]"
Fixed a bug. It caused by reference to out of image size,yukkysaito,2016-12-16T11:45:31Z,[]
Fixed a bug. It caused by reference to out of image size,yukkysaito,2016-12-16T11:07:46Z,[]
ndt_matching using local_transform,kitsukawa,2016-12-14T12:25:55Z,"[{'user_id': 'HongweiSunny', 'created_at': '2019-03-15T06:35:49Z', 'comment_text': 'HI,I wonder what the mean of local_transform is.Could you please simply explain it?\r\nThx in advance.'}, {'user_id': 'gbiggs', 'created_at': '2019-03-18T00:15:15Z', 'comment_text': 'Thanks for using Autoware and for your question. However the issue tracker is for posting confirmed bugs and feature requests.\r\n\r\nWe ask that you please ask questions on the [Autoware Discourse category](https://discourse.ros.org/c/autoware) following our support guidelines: https://github.com/CPFL/Autoware/wiki/Support-guidelines. Please pay particular attention to the information we ask you to provide.'}]"
Add an instruction video of astar_navi,TomohitoAndo,2016-12-14T07:44:11Z,[]
Add dialog,TomohitoAndo,2016-12-13T10:09:45Z,[]
Update default.rviz,TomohitoAndo,2016-12-13T09:12:11Z,[]
Fix .gitignore in each packages,h-ohta,2016-12-09T11:00:29Z,"[{'user_id': 'h-ohta', 'created_at': '2016-12-09T11:01:10Z', 'comment_text': '@amc-nu @sujiwo Could you check this PR? Thank you.'}, {'user_id': 'h-ohta', 'created_at': '2016-12-10T14:56:34Z', 'comment_text': '@amc-nu Thanks!\r\n@sujiwo How about you?'}, {'user_id': 'sujiwo', 'created_at': '2016-12-10T15:02:42Z', 'comment_text': 'I think they are fine.'}, {'user_id': 'h-ohta', 'created_at': '2016-12-10T15:15:51Z', 'comment_text': ""@sujiwo  Thank you. I'll merge""}]"
"Fix dependency in ""fusion"" and ""integrated_viewer"" package",h-ohta,2016-12-08T15:36:14Z,"[{'user_id': 'h-ohta', 'created_at': '2016-12-08T15:36:31Z', 'comment_text': '@manato Could you check this PR? thank you.'}, {'user_id': 'manato', 'created_at': '2016-12-10T14:26:16Z', 'comment_text': '@h-ohta \r\nThank you for fixing!\r\nSorry for my carelessness...'}, {'user_id': 'manato', 'created_at': '2016-12-10T14:28:41Z', 'comment_text': '@h-ohta \r\nI merged `fix-dependency` branch into master.\r\nPlease delete the branch if it is no need anymore.'}, {'user_id': 'h-ohta', 'created_at': '2016-12-10T14:57:15Z', 'comment_text': '@manato Thank you for your cooperation!'}]"
Fix cmake error in orb_localizer,h-ohta,2016-12-08T07:13:09Z,"[{'user_id': 'h-ohta', 'created_at': '2016-12-08T07:13:29Z', 'comment_text': '@sujiwo Could you check this PR?'}]"
Update gitignore,h-ohta,2016-12-06T21:16:45Z,[]
Fix interchanged links,tushar-dadlani,2016-12-04T22:48:00Z,"[{'user_id': 'yukkysaito', 'created_at': '2016-12-07T17:58:33Z', 'comment_text': 'Thank you!\r\n'}]"
Defaults for unset CUDA_CAPABILITY_VERSION,tushar-dadlani,2016-12-04T21:25:54Z,[]
Add Calibration sample data to README.md.,kuriking,2016-12-04T20:56:25Z,[]
Add Calibration Toolkit video to README.md.,kuriking,2016-12-04T11:11:33Z,[]
Support docker,messi49,2016-11-29T14:08:32Z,[]
"Runtime Manager Computing tab, fix euclidean_cluster default data",kondoh2,2016-11-29T08:28:37Z,[]
Bug fix for ROS > indigo,sujiwo,2016-11-29T07:21:58Z,"[{'user_id': 'sujiwo', 'created_at': '2016-11-29T07:22:36Z', 'comment_text': '@kitsukawa please check current fix for ORB-SLAM whether it is compilable'}, {'user_id': 'kitsukawa', 'created_at': '2016-11-29T08:03:28Z', 'comment_text': '/home/kitsukawa/orb_slam/ros/src/computing/perception/localization/packages/orb_localizer/Thirdparty/DBoW2/DUtils/Random.cpp:11:27: fatal error: DUtils/Random.h: No such file or directory\r\n #include ""DUtils/Random.h""\r\n                           ^\r\ncompilation terminated.\r\nmake[2]: *** [computing/perception/localization/packages/orb_localizer/Thirdparty/DBoW2/CMakeFiles/DBoW2.dir/DUtils/Random.cpp.o] Error 1\r\nmake[2]: *** Waiting for unfinished jobs....\r\n'}, {'user_id': 'sujiwo', 'created_at': '2016-11-29T09:26:50Z', 'comment_text': ""At this time, please ensure that the branch `orb_slam' is up-to-date.""}, {'user_id': 'kitsukawa', 'created_at': '2016-11-30T06:14:54Z', 'comment_text': 'Same compile error occurs.'}, {'user_id': 'sujiwo', 'created_at': '2016-11-30T07:37:01Z', 'comment_text': ""I'm using these commands to perform merge, and no errors were encountered:\r\n\r\n1) Clone fresh repository:\r\ncd /tmp\r\ngit clone https://github.com/CPFL/Autoware.git\r\ncd Autoware\r\n\r\n2) Checkout branch orb_slam and back to master:\r\ngit checkout orb_slam\r\ngit checkout master\r\n\r\n3) Merge:\r\ngit merge orb_slam\r\n\r\n4) Compile:\r\ncd ros\r\n./catkin_make_release\r\n\r\nAre these sequences correct? Please advise.""}, {'user_id': 'kitsukawa', 'created_at': '2016-11-30T14:14:57Z', 'comment_text': 'I followed the same commands but I met the same error. Are there any missing packages?'}]"
Update AUTHORS,pdsljp,2016-11-26T03:57:35Z,[]
send transform in global coordinates,kitsukawa,2016-11-25T20:00:08Z,[]
Rewrite astar navi,TomohitoAndo,2016-11-25T11:44:41Z,[]
add ndt_tku,kitsukawa,2016-11-24T18:30:26Z,[]
"Removing ""UpTo"" points from all the point cloud topics",amc-nu,2016-11-24T06:58:47Z,[]
add checkbox value of lane_stop parameter to pdic,kondoh2,2016-11-24T03:59:37Z,[]
Added param to ignore points closer than a threshold,amc-nu,2016-11-24T02:41:34Z,[]
Update README.md,kuriking,2016-11-22T11:48:12Z,[]
Add a video for traffic light recognition,TomohitoAndo,2016-11-22T08:01:36Z,[]
Update README.md,amc-nu,2016-11-22T07:13:41Z,[]
Update README.md,pdsljp,2016-11-21T07:07:24Z,[]
README update RCNN SSD,amc-nu,2016-11-20T11:57:47Z,[]
Make AutowareRider Android Studio compatible,mingrutar,2016-11-17T23:17:35Z,"[{'user_id': 'kuriking', 'created_at': '2016-11-29T02:06:42Z', 'comment_text': 'I tried to build and validate.\r\nI can build using Android Studio, but the following problems were found.\r\n\r\n- B,N,D,R,AUTO CRUISE and NORMAL CRUISE buttons did not change when I clicked them.\r\n- The indication of middle was bright first, but it became dark later.\r\n\r\nIf you know about that please let me know.'}, {'user_id': 'h-ohta', 'created_at': '2016-12-20T01:19:58Z', 'comment_text': ""@mingrutar I'll close. Please remake pull request after confirm and fix.""}]"
Support MKZ,TomohitoAndo,2016-11-17T02:03:42Z,[]
Ignore close points,TomohitoAndo,2016-11-16T03:56:21Z,[]
Mod velocity set,TomohitoAndo,2016-11-15T22:51:39Z,[]
Create red and green lanes from waypoint_saver CSV,syouji,2016-11-15T18:26:21Z,[]
Node Name Change for cv tracker,amc-nu,2016-11-15T07:43:31Z,[]
Added SSD node to CV Tracker,amc-nu,2016-11-15T03:08:27Z,[]
Add WayArea detection service,syouji,2016-11-07T07:00:20Z,[]
Rename variables.,kitsukawa,2016-11-04T13:36:29Z,[]
delete data_filter,kitsukawa,2016-11-04T10:50:09Z,[]
Rename package name.,kitsukawa,2016-11-04T08:53:47Z,[]
Lidar segmentation,amc-nu,2016-11-04T07:45:11Z,[]
Separate motion planning,TomohitoAndo,2016-11-02T13:49:12Z,[]
Module graph,h-ohta,2016-11-02T01:21:50Z,[]
Add orb_localizer.,kitsukawa,2016-11-01T08:43:19Z,[]
"Revert ""Updated to start inside Docker container""",messi49,2016-10-31T10:13:09Z,[]
Add get height,syouji,2016-10-30T05:23:00Z,[]
Lidar segmentation,amc-nu,2016-10-29T14:56:03Z,[]
Lidar segmentation,amc-nu,2016-10-29T12:00:27Z,[]
Added output_frame param,amc-nu,2016-10-29T07:21:13Z,[]
Lidar segmentation,amc-nu,2016-10-25T08:35:53Z,[]
Update the check.launch for the tablet_socket ,wgcv,2016-10-25T06:03:30Z,[]
Mod points2costmap,TomohitoAndo,2016-10-24T09:49:37Z,[]
Lidar segmentation,amc-nu,2016-10-21T08:29:38Z,[]
Fix to subscribe the new topic,TomohitoAndo,2016-10-19T07:03:54Z,[]
Lidar segmentation,amc-nu,2016-10-14T01:28:34Z,[]
Updated to start inside Docker container,droter,2016-10-13T20:59:25Z,"[{'user_id': 'shinpei0208', 'created_at': '2016-10-13T23:19:28Z', 'comment_text': 'Great :)\n\n2016/10/14 午前5:59 ""Matt"" notifications@github.com:\n\n> The run script would error on:\n> \n> /run: line 41: --geometry=50x10+0+0: command not found\n> ./run: line 44: --geometry=50x10+500+0: command not found\n> \n> ## When starting from a docker container.\n> \n> You can view, comment on, or merge this pull request online at:\n> \n>   https://github.com/CPFL/Autoware/pull/477\n> Commit Summary\n> - Updated to start inside Docker container\n> \n> File Changes\n> - _M_ ros/run https://github.com/CPFL/Autoware/pull/477/files#diff-0\n>   (6)\n> \n> Patch Links:\n> - https://github.com/CPFL/Autoware/pull/477.patch\n> - https://github.com/CPFL/Autoware/pull/477.diff\n> \n> —\n> You are receiving this because you are subscribed to this thread.\n> Reply to this email directly, view it on GitHub\n> https://github.com/CPFL/Autoware/pull/477, or mute the thread\n> https://github.com/notifications/unsubscribe-auth/AAToCz22CNQkk1eNPvOybHiifrrzlhvsks5qzputgaJpZM4KWXMN\n> .\n'}, {'user_id': 'messi49', 'created_at': '2016-10-25T23:51:15Z', 'comment_text': '@droter \nPlease fix code and push again.\nAfter that, I will merge this pull request.\n'}, {'user_id': 'droter', 'created_at': '2016-10-28T05:06:08Z', 'comment_text': 'Updated file.\n'}]"
Added,amc-nu,2016-10-11T04:57:52Z,[]
Add tf_local.launch,kitsukawa,2016-10-11T04:18:21Z,[]
Lidar clustering ,amc-nu,2016-10-10T07:52:38Z,[]
Improve visualization of circular arc,h-ohta,2016-10-09T07:51:31Z,[]
Mod waypoint follower,h-ohta,2016-10-08T21:07:52Z,[]
"Runtime Manager Simulation tab, add rosbag info thread",kondoh2,2016-10-06T11:17:45Z,[]
Develop planner,h-ohta,2016-10-05T13:33:50Z,[]
Output filtered PCD in Binary.,kitsukawa,2016-10-02T11:29:32Z,[]
Remove unnecessary error checks,syouji,2016-09-29T13:04:26Z,[]
Fix vector map library,syouji,2016-09-29T10:12:43Z,[]
Update Quick Start documents,kuriking,2016-09-27T22:57:44Z,[]
Update Zmp Patches,kuriking,2016-09-26T15:26:36Z,[]
Publish marker when the traffic light detection is unknown,TomohitoAndo,2016-09-26T09:15:56Z,[]
Fix autoware path,kuriking,2016-09-24T06:16:43Z,[]
Add function to get current data,syouji,2016-09-23T07:00:49Z,[]
Add services of road data,syouji,2016-09-23T03:22:33Z,[]
Fix namespace of vector_map_server services,syouji,2016-09-21T12:55:17Z,[]
Add vector map library,syouji,2016-09-19T06:17:48Z,[]
"Runtime Manager Map tab, update to more simple implements",kondoh2,2016-09-15T09:45:59Z,[]
"Runtime Manager Computing tab, add use_crosswalk_detection to velocit…",kondoh2,2016-09-14T09:46:13Z,[]
add map_tools/pcd_arealist,kondoh2,2016-09-14T08:57:04Z,[]
Add Memsic IMU driver.,kitsukawa,2016-09-14T08:46:12Z,[]
Select crosswalk detection,TomohitoAndo,2016-09-14T08:11:00Z,[]
Mod velocity set,TomohitoAndo,2016-09-14T07:28:41Z,[]
Publish the detection result when it is different from the previous one,TomohitoAndo,2016-09-14T02:37:40Z,[]
Support new nmea format,TomohitoAndo,2016-09-12T09:57:39Z,[]
Switch output from screen to log,kitsukawa,2016-09-12T05:39:23Z,[]
Fix obj_reproj as it subscribed out of date topic (current_pose),manato,2016-09-10T09:27:45Z,[]
Fix to KF caused from synchro changes,amc-nu,2016-09-01T04:35:46Z,"[{'user_id': 'amc-nu', 'created_at': '2016-09-01T04:58:24Z', 'comment_text': 'Fixes  Bug autowarefoundation/autoware_ai#863 pointed out by @layssi\n'}]"
"Runtime Manager, changed wx.Color to wx.Colour for wxPython3",kondoh2,2016-08-30T08:26:04Z,[]
Add Quick Start Manual(EN),kuriking,2016-08-29T12:08:08Z,[]
New Visual Localization based on ORB-SLAM,sujiwo,2016-08-29T07:59:23Z,[]
Update Quick Start Manual(JP),kuriking,2016-08-25T23:18:30Z,[]
Fix ndt_mapping,kitsukawa,2016-08-25T13:07:19Z,[]
"Runtime Manager, fix rosbag record stop",kondoh2,2016-08-23T03:16:18Z,[]
Add Single thread sync node,yukkysaito,2016-08-10T14:47:41Z,[]
Update launch kill to simple,kondoh2,2016-08-09T06:09:40Z,[]
Delete no need nodes dic,kondoh2,2016-08-08T04:19:56Z,[]
Modify region_tlr so that it publishes superimpose image as topic,manato,2016-08-06T10:02:05Z,[]
"Runtime Manager, fix old gui theme at RViz remote",kondoh2,2016-08-05T08:53:44Z,[]
"Runtime Manager, add kill_children flag to RViz cmd for remote termin…",kondoh2,2016-08-05T08:47:42Z,[]
Updated fast_pcl,yukkysaito,2016-08-04T15:08:05Z,[]
Create vehicle_info directory,h-ohta,2016-08-03T17:12:02Z,[]
"Runtime Manager Setup tab, add Vehicle Info",kondoh2,2016-08-03T06:06:34Z,[]
Add model data for simulation,h-ohta,2016-08-03T04:21:47Z,[]
Set precision of log file of ndt_matching,kitsukawa,2016-08-03T01:41:40Z,[]
Visualize current_velocity by Plotter2D,h-ohta,2016-08-03T00:54:15Z,[]
Change message type for current velocity,h-ohta,2016-08-02T23:35:13Z,[]
"Runtime Manager, terminate_children() changed to as option",kondoh2,2016-08-02T02:58:31Z,[]
Ignore 0 ranges,TomohitoAndo,2016-07-28T06:46:43Z,[]
Feature/integrate viewer,manato,2016-07-27T14:20:02Z,"[{'user_id': 'shinpei0208', 'created_at': '2016-07-27T15:22:00Z', 'comment_text': 'Sweet!\n\n2016-07-27 23:20 GMT+09:00 Manato Hirabayashi notifications@github.com:\n\n> These are the RViz plugin to display\n> - detection result (object detection, ranging, tracking and points\n>   image)\n> - traffic light recognition and alternatives to existing viewers in\n>   Autoware.\n> \n> ---\n> \n> You can view, comment on, or merge this pull request online at:\n> \n>   https://github.com/CPFL/Autoware/pull/402\n> Commit Summary\n> - Add RViz plugin to display traffic light recognition result\n> - Add RViz integrated viewer plugin to display detection result\n> \n> File Changes\n> - _A_\n>   ros/src/computing/perception/detection/packages/integrated_viewer/CMakeLists.txt\n>   https://github.com/CPFL/Autoware/pull/402/files#diff-0 (104)\n> - _A_\n>   ros/src/computing/perception/detection/packages/integrated_viewer/lib/convert_image.h\n>   https://github.com/CPFL/Autoware/pull/402/files#diff-1 (46)\n> - _A_\n>   ros/src/computing/perception/detection/packages/integrated_viewer/node/image_viewer_plugin/autoware_logo.png\n>   https://github.com/CPFL/Autoware/pull/402/files#diff-2 (1)\n> - _A_\n>   ros/src/computing/perception/detection/packages/integrated_viewer/node/image_viewer_plugin/draw_points.cpp\n>   https://github.com/CPFL/Autoware/pull/402/files#diff-3 (67)\n> - _A_\n>   ros/src/computing/perception/detection/packages/integrated_viewer/node/image_viewer_plugin/draw_points.h\n>   https://github.com/CPFL/Autoware/pull/402/files#diff-4 (21)\n> - _A_\n>   ros/src/computing/perception/detection/packages/integrated_viewer/node/image_viewer_plugin/draw_rects.cpp\n>   https://github.com/CPFL/Autoware/pull/402/files#diff-5 (150)\n> - _A_\n>   ros/src/computing/perception/detection/packages/integrated_viewer/node/image_viewer_plugin/draw_rects.h\n>   https://github.com/CPFL/Autoware/pull/402/files#diff-6 (28)\n> - _A_\n>   ros/src/computing/perception/detection/packages/integrated_viewer/node/image_viewer_plugin/image_viewer_form.ui\n>   https://github.com/CPFL/Autoware/pull/402/files#diff-7 (142)\n> - _A_\n>   ros/src/computing/perception/detection/packages/integrated_viewer/node/image_viewer_plugin/image_viewer_plugin.cpp\n>   https://github.com/CPFL/Autoware/pull/402/files#diff-8 (265)\n> - _A_\n>   ros/src/computing/perception/detection/packages/integrated_viewer/node/image_viewer_plugin/image_viewer_plugin.h\n>   https://github.com/CPFL/Autoware/pull/402/files#diff-9 (108)\n> - _A_\n>   ros/src/computing/perception/detection/packages/integrated_viewer/node/traffic_light_plugin/form.ui\n>   https://github.com/CPFL/Autoware/pull/402/files#diff-10 (106)\n> - _A_\n>   ros/src/computing/perception/detection/packages/integrated_viewer/node/traffic_light_plugin/traffic_light_plugin.cpp\n>   https://github.com/CPFL/Autoware/pull/402/files#diff-11 (119)\n> - _A_\n>   ros/src/computing/perception/detection/packages/integrated_viewer/node/traffic_light_plugin/traffic_light_plugin.h\n>   https://github.com/CPFL/Autoware/pull/402/files#diff-12 (68)\n> - _A_\n>   ros/src/computing/perception/detection/packages/integrated_viewer/package.xml\n>   https://github.com/CPFL/Autoware/pull/402/files#diff-13 (30)\n> - _A_\n>   ros/src/computing/perception/detection/packages/integrated_viewer/rviz_plugin_description.xml\n>   https://github.com/CPFL/Autoware/pull/402/files#diff-14 (19)\n> \n> Patch Links:\n> - https://github.com/CPFL/Autoware/pull/402.patch\n> - https://github.com/CPFL/Autoware/pull/402.diff\n> \n> —\n> You are receiving this because you are subscribed to this thread.\n> Reply to this email directly, view it on GitHub\n> https://github.com/CPFL/Autoware/pull/402, or mute the thread\n> https://github.com/notifications/unsubscribe-auth/AAToC2vEuDFwOKNLe5pTS3K-TWqaxoTxks5qZ2kSgaJpZM4JWPWS\n> .\n'}, {'user_id': 'manato', 'created_at': '2016-08-06T05:35:23Z', 'comment_text': 'I have merged feature/integrated_viewer branch to the master.\nPlease let me know if you have any trouble by this merge.\n\n@amc-nu , @h-ohta \nThank you very much for your cooperation!\n\nNew RViz plugin is available by:\nRViz menu -> ""Panels"" -> ""Add New Panel"" -> select ""ImageViewerPlugin"" or ""TrafficLightPlugin"" in ""integrated_viewer"" section.\n'}]"
Kill sigint,kondoh2,2016-07-22T05:43:31Z,[]
Mod waypoint saver,h-ohta,2016-07-11T09:47:54Z,"[{'user_id': 'h-ohta', 'created_at': '2016-07-11T09:49:04Z', 'comment_text': ""I verified this node working.\nI'll merge.\n""}]"
Accelerated obj detection,yukkysaito,2016-07-08T10:05:35Z,[]
Template synchronization library,yukkysaito,2016-07-08T08:07:02Z,[]
Hotfix segmentation fault in range_fusion,yukkysaito,2016-07-07T18:24:57Z,[]
Time monitor,yukkysaito,2016-07-07T16:17:19Z,[]
Hotfix in range_fusion,yukkysaito,2016-07-07T14:15:18Z,[]
Add Quick Start manual,kuriking,2016-07-05T20:02:11Z,[]
ORB SLAM Fix with History,amc-nu,2016-07-05T08:16:44Z,[]
Add exe_time in PointsFilterInfo.msg.,kitsukawa,2016-07-04T08:50:35Z,[]
Fix ladybug driver,kuriking,2016-07-04T07:05:51Z,[]
Add missing dependencies.,kitsukawa,2016-07-04T07:02:37Z,[]
Update documents,kuriking,2016-07-04T07:00:50Z,[]
Planner x,hatem-darweesh,2016-07-04T05:20:30Z,"[{'user_id': 'amc-nu', 'created_at': '2016-07-29T05:30:49Z', 'comment_text': '@hatem-darweesh I confirmed your branch compiles correctly. But, can you tell us how to test its functions?\n'}, {'user_id': 'h-ohta', 'created_at': '2016-08-02T23:52:51Z', 'comment_text': '@hatem-darweesh Would you show us how to test PlannerX in Autoware?\n'}, {'user_id': 'shinpei0208', 'created_at': '2016-08-03T00:13:29Z', 'comment_text': '@hatem-darweesh\n\nWe should also change the name of this package and its nodes. planner_x\ndoes not mean anything. It should be more scientific, providing the correct\ninformation on what algorithms and functions are supported.\n\n2016/08/03 午前8:52 ""Hiroki Ohta"" notifications@github.com:\n\n> @hatem-darweesh https://github.com/hatem-darweesh Would you show us how\n> to test PlannerX in Autoware?\n> \n> —\n> You are receiving this because you are subscribed to this thread.\n> Reply to this email directly, view it on GitHub\n> https://github.com/CPFL/Autoware/pull/379#issuecomment-237086531, or mute\n> the thread\n> https://github.com/notifications/unsubscribe-auth/AAToCzjkNpGupeBJ7vKjEPFvNXNRA8nAks5qb9hUgaJpZM4JEDno\n> .\n'}, {'user_id': 'hatem-darweesh', 'created_at': '2016-08-03T01:01:04Z', 'comment_text': 'I am working on that,  just fixing a major bug I found yesterday,\n\nAbout the name,  the current  implementation is : multy stage deterministic\nrule based planner.  And it will include mdp and pomdp In the future.  That\nis why I couldn\'t find a suitable name.\n\nOn Aug 3, 2016 9:13 AM, ""Shinpei Kato"" notifications@github.com wrote:\n\n> @hatem-darweesh\n> \n> We should also change the name of this package and its nodes. planner_x\n> does not mean anything. It should be more scientific, providing the correct\n> information on what algorithms and functions are supported.\n> \n> 2016/08/03 午前8:52 ""Hiroki Ohta"" notifications@github.com:\n> \n> > @hatem-darweesh https://github.com/hatem-darweesh Would you show us\n> > how\n> > to test PlannerX in Autoware?\n> > \n> > —\n> > You are receiving this because you are subscribed to this thread.\n> > Reply to this email directly, view it on GitHub\n> > https://github.com/CPFL/Autoware/pull/379#issuecomment-237086531, or\n> > mute\n> > the thread\n> > <\n> > https://github.com/notifications/unsubscribe-auth/AAToCzjkNpGupeBJ7vKjEPFvNXNRA8nAks5qb9hUgaJpZM4JEDno\n> > \n> > .\n> \n> —\n> You are receiving this because you were mentioned.\n> Reply to this email directly, view it on GitHub\n> https://github.com/CPFL/Autoware/pull/379#issuecomment-237090403, or mute\n> the thread\n> https://github.com/notifications/unsubscribe-auth/ATP3Ebzz3i-vkUIToTiartF9NTP9Wt8qks5qb90tgaJpZM4JEDno\n> .\n'}, {'user_id': 'shinpei0208', 'created_at': '2016-08-05T10:11:11Z', 'comment_text': 'It can just represent the main concept. What about dp_planner?\n\n2016/08/03 午前10:01 ""hatem-darweesh"" notifications@github.com:\n\n> I am working on that, just fixing a major bug I found yesterday,\n> \n> About the name, the current implementation is : multy stage deterministic\n> rule based planner. And it will include mdp and pomdp In the future. That\n> is why I couldn\'t find a suitable name.\n> \n> On Aug 3, 2016 9:13 AM, ""Shinpei Kato"" notifications@github.com wrote:\n> \n> > @hatem-darweesh\n> > \n> > We should also change the name of this package and its nodes. planner_x\n> > does not mean anything. It should be more scientific, providing the\n> > correct\n> > information on what algorithms and functions are supported.\n> > \n> > 2016/08/03 午前8:52 ""Hiroki Ohta"" notifications@github.com:\n> > \n> > > @hatem-darweesh https://github.com/hatem-darweesh Would you show us\n> > > how\n> > > to test PlannerX in Autoware?\n> > > \n> > > —\n> > > You are receiving this because you are subscribed to this thread.\n> > > Reply to this email directly, view it on GitHub\n> > > https://github.com/CPFL/Autoware/pull/379#issuecomment-237086531, or\n> > > mute\n> > > the thread\n> > > <\n> > > https://github.com/notifications/unsubscribe-auth/\n> > > AAToCzjkNpGupeBJ7vKjEPFvNXNRA8nAks5qb9hUgaJpZM4JEDno\n> > > \n> > > .\n> > \n> > —\n> > You are receiving this because you were mentioned.\n> > Reply to this email directly, view it on GitHub\n> > https://github.com/CPFL/Autoware/pull/379#issuecomment-237090403, or\n> > mute\n> > the thread\n> > <https://github.com/notifications/unsubscribe-auth/ATP3Ebzz3i-\n> > vkUIToTiartF9NTP9Wt8qks5qb90tgaJpZM4JEDno>\n> > .\n> \n> —\n> You are receiving this because you commented.\n> Reply to this email directly, view it on GitHub\n> https://github.com/CPFL/Autoware/pull/379#issuecomment-237099957, or mute\n> the thread\n> https://github.com/notifications/unsubscribe-auth/AAToC559A8ambM0YCLzuWVg-QPqZs5Suks5qb-hQgaJpZM4JEDno\n> .\n'}]"
"Runtime Manager, fix getting proc info in ParamPanel class",kondoh2,2016-07-04T04:00:20Z,[]
Fix cost calculation for unknown costs,TomohitoAndo,2016-07-02T09:06:38Z,[]
Modified correct timestamp,yukkysaito,2016-07-01T13:24:16Z,[]
"Runtime Manager, update some utility functions",kondoh2,2016-07-01T08:29:57Z,[]
"Runtime Manager Map tab, fix toggle enable of (Point Cloud) btn",kondoh2,2016-07-01T08:01:47Z,[]
"Runtime Manager Sensing tab, update filter cmd for Synchronization bu…",kondoh2,2016-07-01T06:46:04Z,[]
"Runtime Manger, fix camera_id setting at sync on",kondoh2,2016-07-01T05:02:20Z,[]
"Runtime Manager, fix camera_id selection at Synchronization ON",kondoh2,2016-06-30T04:44:28Z,[]
"Runtime Manager Simulation tab, fix showing of rosbag pos remains on …",kondoh2,2016-06-29T09:50:28Z,[]
"Runtime Manager Topics tab, fix for alias of bottom btns",kondoh2,2016-06-29T09:30:46Z,[]
"Runtime Manager, fix RViz remote setting",kondoh2,2016-06-27T10:37:13Z,[]
ndt_mapping pcd save bug fix  and added autoloading of default.rviz,jitrc,2016-06-24T19:44:52Z,"[{'user_id': 'h-ohta', 'created_at': '2016-07-27T02:06:42Z', 'comment_text': '@kitsukawa Would you check changes for ndt_localizer in this PR?\n'}, {'user_id': 'kitsukawa', 'created_at': '2016-08-25T13:12:52Z', 'comment_text': 'Thank you for your PR. I reflected your changes in #430 . \n'}]"
"Runtime Manager, fix remote RViz setting",kondoh2,2016-06-23T08:08:27Z,[]
Uncomment publish statement of region_tlr,manato,2016-06-19T14:47:38Z,[]
Add missing dependencies,syohex,2016-06-16T09:38:41Z,[]
Clear points data after detection,TomohitoAndo,2016-06-16T07:05:04Z,[]
Fix qs map load ok,kondoh2,2016-06-15T08:57:24Z,[]
Modified file name of log for ndt_matching/icp_matching.,kitsukawa,2016-06-12T14:17:30Z,[]
Fix lattice,TomohitoAndo,2016-06-10T11:24:37Z,[]
Fix email link,kuriking,2016-06-08T12:29:05Z,[]
Update Contact of documents,kuriking,2016-06-08T12:12:55Z,[]
Make ranges 0 when there are near objects,TomohitoAndo,2016-06-08T10:37:15Z,[]
Modify laserscan2costmap,TomohitoAndo,2016-06-08T07:32:03Z,[]
Add measuring align_time and getFitnessScore_time.,kitsukawa,2016-06-08T06:25:43Z,[]
Bugs on 2.4.8/9,amc-nu,2016-06-06T08:59:48Z,"[{'user_id': 'syohex', 'created_at': '2016-06-06T09:10:40Z', 'comment_text': 'However OpenCV version of Ubuntu package is 2.4.8. If Autoware requires OpenCV 2.4.10 or higher versions, then Autoware users have to build and install OpenCV from source code.\n'}]"
Parallelized ndt_matching,kitsukawa,2016-06-03T18:50:17Z,"[{'user_id': 'kitsukawa', 'created_at': '2016-06-03T18:55:49Z', 'comment_text': '@syohex @yukkysaito \nOpenMPを用いている関数の名前をomp_***と変更し、新たに追加しました。\nndt_matching.launchでuse_openmpをtrue/falseにすることにより、使用する関数を切り替えられるようにしました。\n何か問題ないかご確認いただけないでしょうか。\n'}, {'user_id': 'syohex', 'created_at': '2016-06-06T01:29:44Z', 'comment_text': 'PCL 1.7.1以前がインストールされている環境ではビルドエラーになります. `fast_pcl`がビルドされないので `omp_*`メソッドが存在しないため.  `#ifdef USE_FAST_PCL`で囲う必要があると考えます.\n(Ubuntu 15.04 ROS Jade, Ubuntu 14.04 Indigo + PCL 1.7.2では問題なくビルドできることを確認しました.)\n'}, {'user_id': 'syohex', 'created_at': '2016-06-06T02:33:08Z', 'comment_text': '以下でビルドは通ること(Ubuntu 14.04 pcl 1.7.1)は確認できました.\n\n``` diff\ndiff --git a/ros/src/computing/perception/localization/packages/ndt_localizer/nodes/ndt_matching/ndt_matching.cpp b/ros/src/computing/perception/localization/packages/ndt_localizer/nodes/ndt_matching/ndt_matching.cpp\nindex 1875701..e97531f 100644\n--- a/ros/src/computing/perception/localization/packages/ndt_localizer/nodes/ndt_matching/ndt_matching.cpp\n+++ b/ros/src/computing/perception/localization/packages/ndt_localizer/nodes/ndt_matching/ndt_matching.cpp\n@@ -383,21 +383,29 @@ static void points_callback(const sensor_msgs::PointCloud2::ConstPtr& input)\n     Eigen::Matrix4f init_guess = (init_translation * init_rotation_z * init_rotation_y * init_rotation_x) * tf_btol;\n\n     pcl::PointCloud<pcl::PointXYZ>::Ptr output_cloud(new pcl::PointCloud<pcl::PointXYZ>);\n+#ifdef USE_FAST_PCL\n     if(_use_openmp == true){\n        ndt.omp_align(*output_cloud, init_guess);\n     }else{\n+#endif\n        ndt.align(*output_cloud, init_guess);\n+#ifdef USE_FAST_PCL\n     }\n+#endif\n\n     t = ndt.getFinalTransformation();  // localizer\n     t2 = t * tf_ltob;                  // base_link\n\n     iteration = ndt.getFinalNumIteration();\n+#ifdef USE_FAST_PCL\n     if(_use_openmp == true){\n        fitness_score = ndt.omp_getFitnessScore();\n     }else{\n+#endif\n        fitness_score = ndt.getFitnessScore();\n+#ifdef USE_FAST_PCL\n     }\n+#endif\n     trans_probability = ndt.getTransformationProbability();\n\n     tf::Matrix3x3 mat_l;  // localizer\n```\n'}, {'user_id': 'kitsukawa', 'created_at': '2016-06-06T06:37:30Z', 'comment_text': '@syohex \nありがとうございます。ご指摘通り修正いたしました。\n'}, {'user_id': 'syohex', 'created_at': '2016-06-06T06:57:56Z', 'comment_text': 'ビルドができるようになったことは確認できました.\n'}]"
Fix route file reading convention,syouji,2016-06-03T12:16:08Z,[]
Add Autoware messages,syouji,2016-06-03T10:26:26Z,[]
"Runtime Manager, Add desc",kondoh2,2016-06-03T06:52:34Z,[]
Add a text label with a object pose,yukkysaito,2016-06-02T12:09:42Z,[]
modify obj_fusion and obj_reproj in order to use tracking ID,yukkysaito,2016-06-02T11:54:12Z,[]
Fix deprecated code,syohex,2016-06-02T10:06:41Z,[]
Improve CMakeLists.txt and package.xml,syohex,2016-06-02T07:26:13Z,"[{'user_id': 'syohex', 'created_at': '2016-06-02T07:48:07Z', 'comment_text': 'By the way, Almost all Autoware programs which depend on OpenCV cannot be built on ROS kinetic, because ROS kinetic bundles OpenCV3 and forces developers to use OpenCV3 by default. Developers cannot use OpenCV2 in general. Some Autoware programs uses deprecated OpenCV functions, classes, structures, they are removed on OpenCV3. If Autoware supports ROS kinetic in the future, we should consider to rewrite some programs with OpenCV3.\n\nAnd some ROS packages which are used by Autoware are missed in ROS kinentic.\n- sound_play\n- nmea-msgs\n\nROS kinentic supports both Qt4 and Qt5, so we can remove some Qt5 hacks from CMakeList.txt.\n\nSee also\n- http://wiki.ros.org/kinetic/Migration\n'}]"
Connect Autoware by topic,syouji,2016-06-01T12:24:30Z,[]
Fixed bug(The klt trancking node publish same distance data),yukkysaito,2016-06-01T09:33:40Z,[]
Add fast_pcl library.,kitsukawa,2016-06-01T08:07:10Z,"[{'user_id': 'kitsukawa', 'created_at': '2016-06-01T08:29:31Z', 'comment_text': '@syohex \nPCLのFilterとRegistrationモジュールの必要な部分をfast_pclとして追加しました。\nndt_matching.cppでは、インクルードするヘッダをpcl/registration/ndt.h<-->fast_pcl/registration/ndt.hで切り替えられることは確認しました。\nPCLのソースコード自体は変更していませんが、ライブラリとして追加することに関して、何か問題ないか確認していただけないでしょうか?\n'}, {'user_id': 'syohex', 'created_at': '2016-06-01T09:41:51Z', 'comment_text': 'ビルドが通りません. \n\n```\n/home/syohei/Autoware/ros/src/computing/perception/localization/lib/fast_pcl/regis\ntration/include/fast_pcl/registration/impl/correspondence_estimation.hpp:44:35: fa\ntal error: pcl/common/copy_point.h: No such file or directory\n #include <pcl/common/copy_point.h>\n```\n\nUbuntu 14.04の `pcl-1.7`パッケージは 1.7.1なので, copy_point.hが含まれていません. [https://github.com/PointCloudLibrary/pcl](https://github.com/PointCloudLibrary/pcl)を見たところ, 1.7.2から含まれているヘッダファイルのようですが, どのようにこの問題を回避すればよろしいでしょうか ?\n'}, {'user_id': 'kitsukawa', 'created_at': '2016-06-01T15:07:33Z', 'comment_text': 'こちらの環境を確認してみたところ、1.7.2でした。\nユーザーにlibpcl-1.7のバージョンを1.7.2にアップデートしてもらうという方法で回避するというのではだめでしょうか?\n'}, {'user_id': 'syohex', 'created_at': '2016-06-02T01:14:52Z', 'comment_text': 'その場合 Ubuntu 14.04での利用者にソースコードからのビルドを要求することになってしまうので, 良い考えとはいえないと思います. 必須の機能でなければ, 低いバージョンの libpclを利用している場合はビルドしないというのはいかがでしょうか ?\n\n(Ubuntu 15.04, Ubuntu 16.04では libpcl 1.7.2がパッケージからインストールできることを確認しました.)\n'}, {'user_id': 'syohex', 'created_at': '2016-06-02T01:51:33Z', 'comment_text': 'Ubuntu 15.04 ROS jadeではビルドできることは確認できました.\n'}, {'user_id': 'kitsukawa', 'created_at': '2016-06-02T07:52:56Z', 'comment_text': 'Ubuntu 14.04の場合、ros-indigo-desktop-fullをインストールした際に、一緒にインストールされるlibpcl-1.7のバージョンが1.7.1みたいですね。\nその場合、\nsudo add-apt-repository ppa:v-launchpad-jochen-sprickerhof-de/pcl\nsudo apt-get update\nsudo apt-get dist-upgrade\nとすれば、libpcl-1.7のバージョンを1.7.2に更新できることを確認しました。\n1番いいのは上記の方法でlibpcl-1.7のバージョンを1.7.2にしてもらうことだと思います。しかし、1.7.1の場合は、ビルドしないという方法がいいかと思いますが、そうするとndt_matchingでfast_pcl/registration/ndt.hをインクルードした場合、エラーが出ると思いますが、どのように対処したらいいのでしょうか...\n'}, {'user_id': 'syohex', 'created_at': '2016-06-02T08:22:29Z', 'comment_text': 'APIが同じということであれば, ビルド時にバージョンをチェックして, ifdefで切り分けるので良いと思います.(CMakeで `find_package(PCL)`すれば, `${PCL_VERSION}`でバージョンは取れます.)\n'}, {'user_id': 'kitsukawa', 'created_at': '2016-06-02T09:47:17Z', 'comment_text': 'find_package(PCL)とし、PCLのバージョンを取得することはできたのですが、CMakeの書き方に習熟しておらず思うように動作をしないので、PCLバージョンをチェックして、1.7.2以降ならばfast_pclをコンパイル、ndt_localizerのCMakeListsでfast_pclをリンク、1.7.1ならばfast_pclのコンパイル、リンクをしないというように変更していただけないでしょうか?お手数をおかけして申し訳ありません。\n'}, {'user_id': 'syohex', 'created_at': '2016-06-02T09:51:51Z', 'comment_text': 'まだ変更内容がよくわかっていないので, 確認から行ってみます.\n'}, {'user_id': 'syohex', 'created_at': '2016-06-03T03:14:08Z', 'comment_text': 'https://github.com/CPFL/Autoware/pull/335/commits/1c85e501ce999aa026819619540301e70974408b の修正を確認していただけないでしょうか ? \nUbuntu 14.04 + pcl 1.7.1と Ubuntu 15.04 + pcl 1.7.2でそれぞれビルドできることは確認しました.\n'}, {'user_id': 'kitsukawa', 'created_at': '2016-06-03T05:17:40Z', 'comment_text': 'Ubuntu 14.04 + pcl 1.7.2 の場合でもビルドできることを確認しましたのでマージします。\nご協力いただきましてありがとうございます。\n'}]"
Update instruction videos,kitsukawa,2016-05-31T13:36:50Z,"[{'user_id': 'shinpei0208', 'created_at': '2016-05-31T13:41:18Z', 'comment_text': 'Great!\n2016/05/31 22:37 ""Yuki Kitsukawa"" notifications@github.com:\n\n> Merged #333 https://github.com/CPFL/Autoware/pull/333.\n> \n> —\n> You are receiving this because you are subscribed to this thread.\n> Reply to this email directly, view it on GitHub\n> https://github.com/CPFL/Autoware/pull/333#event-677010154, or mute the\n> thread\n> https://github.com/notifications/unsubscribe/AAToC2fZkVGRZu_WBOPW42RrgKemBsiBks5qHDl6gaJpZM4Iqibn\n> .\n'}, {'user_id': 'DeniseJames', 'created_at': '2016-05-31T20:13:53Z', 'comment_text': 'When will the instruction manual be in English?  \n'}, {'user_id': 'kitsukawa', 'created_at': '2016-06-01T07:00:59Z', 'comment_text': ""@Denisetoo \nI am sorry but I don't know about that because I am not in charge of the manuals.\n""}]"
"Runtime Manger, add obj_enables utils for widget enable/disable",kondoh2,2016-05-31T09:21:10Z,[]
"Runtime Manager, refactoring config_dic search, add param sys",kondoh2,2016-05-31T08:16:57Z,[]
"Runtime Manager, add utils for dict and list",kondoh2,2016-05-31T08:06:38Z,[]
Remove needless compiling flags,syohex,2016-05-31T07:07:49Z,[]
Add lazy_ndt_mapping.,kitsukawa,2016-05-30T18:35:05Z,[]
Fix TF of ndt_mapping.,kitsukawa,2016-05-30T15:04:16Z,[]
Add icp_stat.msg.,kitsukawa,2016-05-30T11:44:53Z,[]
Add missing ndt_localizer dependency,syohex,2016-05-27T09:28:02Z,"[{'user_id': 'kitsukawa', 'created_at': '2016-05-30T11:49:25Z', 'comment_text': '@syohex \nThank you for reporting and fixing the errors.\nI add icp_stat.msg instead of ndt_stat.msg at #325.\n'}]"
Add icp_localizer.,kitsukawa,2016-05-27T06:05:08Z,[]
Vecta cam driver,amc-nu,2016-05-27T05:12:44Z,"[{'user_id': 'amc-nu', 'created_at': '2016-05-27T06:59:35Z', 'comment_text': '@syohex 確認お願いします。\n'}, {'user_id': 'syohex', 'created_at': '2016-05-27T09:10:45Z', 'comment_text': 'BTW. Please use branch which is branched from latest master branch. Your branch is too old and it cannot build on machine which installs ros-java package(This issue is already fixed on latest master branch)\n'}, {'user_id': 'amc-nu', 'created_at': '2016-05-27T10:08:52Z', 'comment_text': ""Thanks @syohex I'll attend all\n""}, {'user_id': 'amc-nu', 'created_at': '2016-05-31T01:49:35Z', 'comment_text': 'もう一度確認下さい。 @syohex \n'}, {'user_id': 'amc-nu', 'created_at': '2016-05-31T02:45:03Z', 'comment_text': '@syohex done\n'}, {'user_id': 'syohex', 'created_at': '2016-05-31T03:38:33Z', 'comment_text': 'BTW for Autoware developers, there are some deeply nested code in Autoware. Deeply nested code is difficult to read and understand. You can reduce nest for some patterns. Please consider reducing nest when you write deeply nested code(In general, more than 3-4 nested blocks).\n\nFor example.\n\n``` c\nint ret = some_function(a, b, c);\nif (ret < 0) {\n   log(""error...."");\n} else {\n  // success case\n}\n```\n\n``` c\nint ret = some_function(a, b, c);\nif (ret < 0) {\n   log(""error...."");\n   return ret;\n}\n\n// success case\n```\n\nOther example(conditions in loop)\n\n``` c\nwhile (some_iterations()) {\n    int ret = some_function(a, b, c);\n    if (ret < 0) {\n       log(""error...."");\n    } else {\n      // success case\n    }\n}\n```\n\n``` c\nwhile (some_iterations()) {\n    int ret = some_function(a, b, c);\n    if (ret < 0) {\n       log(""error...."");\n       continue; // or break, return\n    }\n\n    // success case\n}\n```\n\nPlease consider\n\nSee also\n- https://en.wikibooks.org/wiki/Computer_Programming/Coding_Style/Minimize_nesting\n- Art of Readable code Section 7 Minimize Nesting(日本語版: 7.7 ネストを浅くする)\n- Code Complete Section 4\n'}, {'user_id': 'amc-nu', 'created_at': '2016-05-31T07:10:47Z', 'comment_text': 'いかがですか？ @syohex \n'}, {'user_id': 'syohex', 'created_at': '2016-05-31T09:04:58Z', 'comment_text': 'It looks there is no big problem.\n'}]"
"Runtime Manager Map tab, add 1GB check for .pcd files",kondoh2,2016-05-26T09:50:46Z,[]
"Runtime Manager Computing tab, fix typo points2costmap",kondoh2,2016-05-23T02:37:50Z,[]
Remove unnecessary parameters from config window of ndt_matching.,kitsukawa,2016-05-20T11:30:42Z,[]
"Runtime Manager Computing tab, add Semantics package",kondoh2,2016-05-20T10:42:52Z,[]
Show UVC camera ID,syouji,2016-05-20T08:47:13Z,[]
Fix points_filter dependencies.,kitsukawa,2016-05-20T04:48:31Z,"[{'user_id': 'syohex', 'created_at': '2016-05-20T05:08:54Z', 'comment_text': 'I have confirmed that build successes.\n'}]"
Add frame_id to BoundingBoxArray,h-ohta,2016-05-19T08:54:32Z,"[{'user_id': 'manato', 'created_at': '2016-05-23T15:32:23Z', 'comment_text': '@h-ohta ,\nThey were completely my mistake!\nThank you very much to let me know and fix them!\n'}]"
Add jsk packages,h-ohta,2016-05-18T12:47:45Z,"[{'user_id': 'syohex', 'created_at': '2016-05-19T01:57:55Z', 'comment_text': 'Please comment why you add jsk_visualization package into Autoware repository. Because ros-indigo-jsk-visualization is provided as ROS apt package. \n'}, {'user_id': 'h-ohta', 'created_at': '2016-05-19T08:39:55Z', 'comment_text': ""> Because ros-indigo-jsk-visualization is provided as ROS apt package.\n\nThank you for your information.\nI did'nt know that.\nI'll check whether that package is available for Autoware.\n""}, {'user_id': 'h-ohta', 'created_at': '2016-05-26T10:50:29Z', 'comment_text': 'I confirmed that we can use jsk_visualization package provided by apt in Autoware,so I cancel this PR.\n'}]"
Separate downsampling of points_raw from ndt_matching.,kitsukawa,2016-05-18T10:57:36Z,"[{'user_id': 'kitsukawa', 'created_at': '2016-05-18T11:03:22Z', 'comment_text': '@syohex \nros/sensing/data_filter/packagesに新たにpoints_filterというパッケージを作成しました。お手数をおかけしますが、何か問題がないかチェックしていただけないでしょうか?\n'}, {'user_id': 'syohex', 'created_at': '2016-05-19T03:10:45Z', 'comment_text': '内容は理解できていないのであれですが, 問題はないように見えます. ただ変更が多すぎるので, (可能であればもう少し分割していただけると助かります)\n'}, {'user_id': 'kitsukawa', 'created_at': '2016-05-19T07:03:52Z', 'comment_text': 'ご確認ありがとうございます。今後、1回の変更をもう少し分割したいと思います。\n'}]"
Change Vehicle Model from Marker to RobotModel.,kuriking,2016-05-18T06:13:53Z,[]
Don't publish non message object,syohex,2016-05-18T01:47:32Z,[]
Add semantics package,TomohitoAndo,2016-05-16T09:58:10Z,"[{'user_id': 'TomohitoAndo', 'created_at': '2016-05-16T09:59:25Z', 'comment_text': '@syohex \nお手数おかけしますが，何か問題ないかチェックしていただいてもよろしいでしょうか?\n'}, {'user_id': 'syohex', 'created_at': '2016-05-17T08:11:10Z', 'comment_text': 'http://wiki.ros.org/ROSNodeTutorialC++\n\nメモとして残しておきますが, 上記の URLの 3.2 The listener node, 3.3 The NodeExample classのように実装すると, 関数ローカルな static変数が減らせるものと思います. \n\nhttp://wiki.ros.org/ROSNodeTutorialC++#CA-e07dead5795e4d17f3e7d28da49569a19f39cae9_30\n\nにあるようにコールバック関数にメンバ関数ポインタを設定, その次の引数にインスタンスのポインタを指定することでクラス内に状態を閉じ込めることができます.\n'}, {'user_id': 'TomohitoAndo', 'created_at': '2016-05-17T10:42:17Z', 'comment_text': '勉強になるメモありがとうございます！ 今後のコーディングの参考にさせていただきます．\n\nご指摘いただいた点を修正しましたので，再度レビューをお願いします．\n'}, {'user_id': 'TomohitoAndo', 'created_at': '2016-05-19T11:11:37Z', 'comment_text': 'ご指摘いただいた点を修正しました．\nお手数かけますが，再度チェックお願いします．\n'}, {'user_id': 'syohex', 'created_at': '2016-05-19T11:47:16Z', 'comment_text': 'ビルドも通ったので問題ないと思います.\n'}, {'user_id': 'TomohitoAndo', 'created_at': '2016-05-20T01:51:50Z', 'comment_text': 'マージしました．\nレビューありがとうございました！\n'}]"
Publish cached waypoint,syouji,2016-05-16T06:20:32Z,[]
Mod waypoint follower,h-ohta,2016-05-12T13:13:04Z,[]
"Runtime Manager Computing tab, fix for sync option problem",kondoh2,2016-05-11T04:16:09Z,[]
Fix initialize value of wf_simulator in Runtime Manager,h-ohta,2016-04-28T07:44:13Z,[]
Fix for rosjava installed platform,syohex,2016-04-25T12:57:30Z,"[{'user_id': 'syohex', 'created_at': '2016-04-26T01:46:20Z', 'comment_text': ""NOTE: Building some message jar files are still failed, however Autoware build process is successful ant its exit status(`$?`) is zero. I'll tackle with this issue.\n""}, {'user_id': 'syohex', 'created_at': '2016-04-26T03:15:37Z', 'comment_text': ""> NOTE: Building some message jar files are still failed, however Autoware build process is successful ant its exit status($?) is zero. I'll tackle with this issue.\n\nhttps://github.com/rosjava/rosjava_mvn_repo/tree/master/org/ros/rosjava_messages\n\nSome rosjava_messages like pcl_ros are not existed in rosjava maven repository so that we cannot fix build error about it. :-(\n""}]"
Fix sound_player dependencies,syohex,2016-04-21T10:42:07Z,"[{'user_id': 'beetleskin', 'created_at': '2016-04-22T18:45:03Z', 'comment_text': 'yep, this works\n'}, {'user_id': 'syohex', 'created_at': '2016-04-22T22:42:33Z', 'comment_text': 'Thanks for checking.\n'}]"
Rewrite points_map_loader,syouji,2016-04-20T14:29:49Z,[]
Update Readme,h-ohta,2016-04-20T12:53:34Z,[]
Some fix,h-ohta,2016-04-18T09:33:53Z,[]
"Add vel_pose_mux package , and Change some specifications for it ",h-ohta,2016-04-18T09:00:22Z,[]
Remove duplicated file,syouji,2016-04-18T04:06:24Z,[]
"Runtime Manager, fix lane_stop dialog button color",kondoh2,2016-04-14T04:26:11Z,[]
"Runtime Manager, update for immediately reflection of sys CPU setup",kondoh2,2016-04-14T02:45:26Z,[]
Update manuals,kuriking,2016-04-14T02:24:30Z,[]
Color vehicle model,yukkysaito,2016-04-11T07:34:10Z,[]
"Runtime Manager, update for remote rviz",kondoh2,2016-04-11T04:53:22Z,[]
Update manuals,kuriking,2016-04-11T04:37:53Z,[]
"Runtime Manager, update to use gdic(gui: in .yaml) at no param",kondoh2,2016-04-08T06:18:14Z,[]
"fix save param check, not include sys_prm for check",kondoh2,2016-04-08T06:03:42Z,[]
"Runtime Manager Setup tab, fix buttons setting",kondoh2,2016-04-06T07:30:35Z,[]
Import AutowareTouch,syouji,2016-04-05T14:20:20Z,[]
Fix code style,TomohitoAndo,2016-04-05T09:46:18Z,[]
"fix for float(""123,456""), add str_to_float()",kondoh2,2016-04-04T04:17:49Z,"[{'user_id': 'syohex', 'created_at': '2016-04-04T04:28:32Z', 'comment_text': '```\n% env LC_ALL=""de_DE.UTF-8"" rosrun runtime_manager runtime_manager_dialog.py\n```\n\nI confirmed autowarefoundation/autoware_ai#810 was fixed with above command.\n\n![float](https://cloud.githubusercontent.com/assets/554281/14238197/d5b8796c-fa68-11e5-9a40-b6d346d7a6a0.png)\n'}]"
Add jsk library,manato,2016-04-03T05:20:19Z,"[{'user_id': 'manato', 'created_at': '2016-04-03T05:23:09Z', 'comment_text': '@syohex ,\nCould you review my modification?\nThank you for your always help.\n'}, {'user_id': 'manato', 'created_at': '2016-04-09T16:36:10Z', 'comment_text': ""@syohex ,\nThank you very much for your reviewing.\nYour pointing out are always beneficial for me!\n\nI modified suggested points and push them by `git push origin apply_jsk_RVizPlugin --force`.\nI'm sorry to bother you, but could you please check my modification again?\nThank you for your help.\n""}, {'user_id': 'syohex', 'created_at': '2016-04-10T02:44:04Z', 'comment_text': 'Thanks for fixing. Please merge.\n'}, {'user_id': 'manato', 'created_at': '2016-04-10T03:15:41Z', 'comment_text': ""@syohex ,\nThank you for your time. I've merged my PR.\n""}]"
Fix pos_downloader time check.,kuriking,2016-03-31T23:53:06Z,[]
Fix bug with new vector map,TomohitoAndo,2016-03-31T07:09:01Z,[]
Add coding standard in Japanese,syohex,2016-03-30T07:55:01Z,"[{'user_id': 'syohex', 'created_at': '2016-03-30T09:31:13Z', 'comment_text': 'Please report me if there are any problems or document which is difficult/impossible to understand.\n'}]"
Update videos for planning,TomohitoAndo,2016-03-23T08:18:44Z,[]
Fix choices in velocity source,h-ohta,2016-03-17T10:19:40Z,[]
"Runtime Manager, workaround for file save dialog segfault",kondoh2,2016-03-16T03:40:42Z,[]
Update default.rviz to replace old topics,TomohitoAndo,2016-03-15T08:00:32Z,[]
Fix lane_select bug.,kuriking,2016-03-14T12:35:34Z,[]
Look ahead downloading,syouji,2016-03-14T05:41:29Z,[]
Fix point cloud loading,syouji,2016-03-11T05:42:41Z,[]
Devide waypoint marker topic,h-ohta,2016-03-08T08:36:38Z,[]
add new model for car,pdsljp,2016-03-07T07:37:58Z,"[{'user_id': 'pdsljp', 'created_at': '2016-03-07T07:41:54Z', 'comment_text': '@shinpei0208 暫定のディレクトリ構成ですが、ディレクトリ名や構成はこれで大丈夫でしょうか？\n'}, {'user_id': 'shinpei0208', 'created_at': '2016-12-02T13:43:10Z', 'comment_text': '@amc-nu, can you check this PR?'}, {'user_id': 'amc-nu', 'created_at': '2016-12-02T13:50:47Z', 'comment_text': '@shinpei0208 Sure!'}, {'user_id': 'h-ohta', 'created_at': '2016-12-19T22:56:14Z', 'comment_text': '@amc-nu  Could you tell me how is it going?'}, {'user_id': 'amc-nu', 'created_at': '2016-12-19T23:03:34Z', 'comment_text': 'I\'ll take care of this from the 27th. Currently I\'m outside of Japan. Sorry\nBest regardsAbraham\n\n\n\n\n\n\nOn Mon, Dec 19, 2016 at 4:56 PM -0600, ""Hiroki Ohta"" <notifications@github.com> wrote:\n\n\n\n\n\n\n\n\n\n\n\n\n@amc-nu  Could you tell me how is it going?\n\n\n\n—\nYou are receiving this because you were mentioned.\nReply to this email directly, view it on GitHub, or mute the thread.\n\n\n  \n  \n\n\n\n\n\n\n\n\n\n'}, {'user_id': 'h-ohta', 'created_at': '2016-12-19T23:08:15Z', 'comment_text': ""@amc-nu I see. Can I close this ? Because I'd like to apply new branch model.""}, {'user_id': 'h-ohta', 'created_at': '2016-12-21T09:44:12Z', 'comment_text': ""@amc-nu I'll close this PR to apply new branch model. Please remake new pull request after done that. ""}]"
Fix update_rate,syouji,2016-03-04T03:12:43Z,[]
Redesign map_downloader dialog,syouji,2016-03-03T09:51:32Z,"[{'user_id': 'syouji', 'created_at': '2016-03-03T10:02:46Z', 'comment_text': 'Password はテキストボックスには表示されない。\nただし、現状は User と Password の両方について、以下を注意されたい。\n- Runtime Manager が実行されるターミナルソフトに、rosparam set のデバッグ出力として平文で表示される。\n- param.yaml に平文で保存される。\n\n![map_downloader_dialog_20160303a](https://cloud.githubusercontent.com/assets/9031008/13490647/3dccf804-e171-11e5-805c-ad70ca8243bd.png)\n'}]"
Add ROS parameters for HTTP server,syouji,2016-03-03T09:19:41Z,[]
Don't require initial position,syouji,2016-03-03T09:12:19Z,[]
Fix GetFile library,syouji,2016-03-03T08:55:39Z,[]
"Runtime Manager, support text control passwd flag",kondoh2,2016-03-03T06:54:52Z,"[{'user_id': 'syouji', 'created_at': '2016-03-03T07:08:42Z', 'comment_text': 'Thanks for your support :smile:\n'}]"
Fix rviz remote execution.,kuriking,2016-03-02T10:58:58Z,[]
Apply multi camera,manato,2016-03-01T12:45:18Z,"[{'user_id': 'manato', 'created_at': '2016-03-01T12:55:48Z', 'comment_text': ""@syohex ,\nCould you please check this PR?\nI'm sorry for many modification in this PR.\nI' ll be careful not to send PR like this time from next time.\n""}, {'user_id': 'syohex', 'created_at': '2016-03-01T13:24:29Z', 'comment_text': 'Looks good to me. Please merge.\n'}, {'user_id': 'manato', 'created_at': '2016-03-01T13:35:02Z', 'comment_text': ""Thank you very much for your quick reply.\nThen I'll merge this PR.\n""}]"
Add digest access authentication,syouji,2016-03-01T06:57:43Z,[]
Fix CUDA_ERROR_LAUNCH_FAILED error occurred in dpm_ttic,manato,2016-02-24T01:56:29Z,[]
Fix pure pursuit,h-ohta,2016-02-17T06:34:41Z,[]
"Runtime Manager, fix dialog showing after closeing by close box",kondoh2,2016-02-16T11:21:12Z,[]
Add new method for distance calculation of fusion,manato,2016-02-15T02:12:40Z,"[{'user_id': 'manato', 'created_at': '2016-02-15T02:15:43Z', 'comment_text': '@syohex ,\nCould you please check this PR and merge it if there is no problem?\nThank you very much for your always help. \n'}, {'user_id': 'syohex', 'created_at': '2016-02-15T02:49:36Z', 'comment_text': 'この追加した部分は Autowareすべてに見えてしまいますが, それは正しいのでしょうか ? 現状 `lib/fusion`以下からしか使っていませんが, 将来的に使う予定などあるのでしょうか ?\n\n以下の部分を修正して, 本ヘッダファイルは他のパッケージに見せないようにする必要があります.\n\nhttps://github.com/CPFL/Autoware/blob/mod_ranging/ros/src/computing/perception/detection/lib/fusion/CMakeLists.txt#L32-L35\n'}, {'user_id': 'syohex', 'created_at': '2016-02-15T02:51:58Z', 'comment_text': 'そもそも classを追加する必要はあるのでしょうか ? 中身を見ると, `std::vector<float>`に対する処理だけのように見えるので関数で十分ではないでしょうか ?  (メソッドからメンバ関数を参照している箇所もない)\n'}, {'user_id': 'manato', 'created_at': '2016-02-15T06:53:16Z', 'comment_text': '@syohex ,\n詳細なご指摘，誠にありがとうございます．\n（知らなかったことも多く，とても勉強になります！）\n\nご指摘いただいた箇所に関して，修正しましたので，お手数ですが，再度レビューを\nお願いできますでしょうか？\n'}, {'user_id': 'syohex', 'created_at': '2016-02-15T08:23:14Z', 'comment_text': 'NOTE: コミットは最終的に squashして整理してください. 一つにまとめる必要はないですが, 後から他人が見た時不要なコミットはないようにしてください.\n'}, {'user_id': 'manato', 'created_at': '2016-02-15T09:21:40Z', 'comment_text': '> - std::sortは破壊的変更を行うので参照を渡すのは危険です. そもそも参照を渡さないか, コピーして引数を渡した方が良いと思います.\n> - 要素が一つの場合, ソートする必要ないので, 空の場合と同様早々と returnした方が良いと思います.\n\nご指摘いただいた点に関して，修正致しました．\n\n> NOTE: コミットは最終的に squashして整理してください. 一つにまとめる必要はないですが, 後から他人が見た時不要なコミットはないようにしてください\n\nご教示，ありがとうございます．\n今回は，既に以前のコミットをサーバにあげてしまってあるので行っていませんが，以降squashするように気をつけます．\n\nお手数をおかけしますが，再度ご確認頂けますでしょうか？\n今後とも，ご指導のほどどうぞよろしくお願い致します．\n'}, {'user_id': 'syohex', 'created_at': '2016-02-15T09:47:06Z', 'comment_text': '問題ないと思います. squashしてマージしていただけばよいと思います.\n'}, {'user_id': 'manato', 'created_at': '2016-02-15T10:21:33Z', 'comment_text': 'ご確認ありがとうございました．\n既にリモートにPush済みのコミットをsquashして，再度Pushする場合は\ngit push --force すればよろしいですか？\n'}, {'user_id': 'syohex', 'created_at': '2016-02-15T10:26:00Z', 'comment_text': '> 既にリモートにPush済みのコミットをsquashして，再度Pushする場合は\n> git push --force すればよろしいですか？\n\nはい, お願いします.\n'}, {'user_id': 'manato', 'created_at': '2016-02-15T10:31:26Z', 'comment_text': '承知致しました．\nご教示ありがとうございました．\n'}]"
Follow ROS C++ coding style guide,syohex,2016-02-14T04:58:58Z,"[{'user_id': 'syohex', 'created_at': '2016-02-14T05:19:14Z', 'comment_text': '全員に矯正する良い手段が見つからないので一旦諦めます.\n'}]"
Remove garbage file,syohex,2016-02-14T02:25:12Z,"[{'user_id': 'syohex', 'created_at': '2016-02-14T02:26:28Z', 'comment_text': '@yukkysaito Is this really a needless file ?\n'}, {'user_id': 'yukkysaito', 'created_at': '2016-02-23T04:34:32Z', 'comment_text': '@syohex Yes. I made a mistake... It is a temporary file. \n'}]"
Follow ROS C++ coding style guide,syohex,2016-02-12T04:25:17Z,"[{'user_id': 'syohex', 'created_at': '2016-02-14T01:55:00Z', 'comment_text': ""There are many conflicts with #234. I'll create PR again and apply clang-format files which are added by #234.\n""}]"
Update Setup Tab.,kitsukawa,2016-02-11T16:28:43Z,[]
Add synchronization system for perception,yukkysaito,2016-02-10T18:13:32Z,"[{'user_id': 'syohex', 'created_at': '2016-02-12T04:07:59Z', 'comment_text': ""Please don't merge master branch except your changes conflict with master branch codes. To merge master branch make us difficult to understand what PR changes/improves like this PR.\n\n(名古屋大学の方全般なのですが)変更がコンフリクトしない限りは, masterをマージする必要はないです. 下手にマージするとコミット履歴がこのようにカオスになるだけです. こうなると本質的な変更がなんなのかが極めて見えづらくなってしまいます.\n""}, {'user_id': 'syohex', 'created_at': '2016-02-12T04:40:26Z', 'comment_text': 'Please remove `*.orig` files.\n\n*.origファイルが含まれています. 削除してください.\n'}, {'user_id': 'yukkysaito', 'created_at': '2016-02-12T06:47:28Z', 'comment_text': ""Thank you for your advice. I'm careful not to do it.\n""}, {'user_id': 'yukkysaito', 'created_at': '2016-02-12T06:47:58Z', 'comment_text': '*.orig files are removed at f8c4fda\n'}, {'user_id': 'syohex', 'created_at': '2016-02-12T08:52:25Z', 'comment_text': 'マージは自由にしていただいて構わないです.\n'}, {'user_id': 'syohex', 'created_at': '2016-02-12T09:17:44Z', 'comment_text': '一般論です(この PRだけを言及するものではないです).\n\n#### Pull Requestの作成\n- 必要最小限の変更にする\n  - 例えばこの PRは 55ファイルを 52コミットで変更しているが, そこまで必要なのか. (本質的に必要であれば何の問題もない.)\n  - (不要である mergeが含まれるため多く見えてしまっている)\n  - PRのタイトル以外のことをしていないか.\n  - ここまで多いと cherry-pickすることも難しい\n  - 多くなる場合は分割できないかの検討. 特に複数のことを実現している場合\n- 不要なコミットの削除\n  - あとで第三者が `git log`をした場合に有用なもののみ残す\n  - 自分のコミットの誤りを修正するコミットは履歴に不要(rebaseで誤り自体をなかったことにする)\n  - 誤ってファイルを追加した場合は, 誤ってファイルを追加してしまったこと自体を消す\n  - 自分が同一 PR内で追加したバグを修正するバグ等も同様.\n'}, {'user_id': 'yukkysaito', 'created_at': '2016-02-12T12:19:28Z', 'comment_text': '@syohex アドバイスありがとうございます。今後のコミット履歴の事も考え、出来る限り最小限の変更でのコミットにするように注意いたします。\n'}]"
Add sleep command to decrease CPU occupancy,manato,2016-02-09T06:24:45Z,[]
Allow dialog fields to be tagged with [nl],KenYN,2016-02-05T05:01:57Z,"[{'user_id': 'kuriking', 'created_at': '2016-12-20T02:33:52Z', 'comment_text': 'Thank you for making PR.\r\nBut I think we should specify nl in flags of gui.\r\nSo I will close.'}]"
Fix pure pursuit,h-ohta,2016-02-03T11:38:58Z,[]
Update lane_stop,syouji,2016-02-02T07:13:44Z,[]
Correct points2image dependency,syohex,2016-02-02T04:13:34Z,"[{'user_id': 'badguy07', 'created_at': '2023-09-12T08:54:10Z', 'comment_text': 'usb_cam called a 500W pixel camera with a USB interface, tensorrt_yolo subscribe to the topic of usb_cam, the node crashes directly, and the reason for the program crash cannot be found\r\n![微信图片_20230912165343](https://github.com/autowarefoundation/autoware/assets/121431946/ace191da-ff44-4df3-be64-844698364d1d)\r\n'}]"
Correct map_file dependency about message header,syohex,2016-02-01T09:46:11Z,[]
Output error code,syouji,2016-02-01T07:18:15Z,[]
Correct waypoint_follower dependnecy about message header,syohex,2016-02-01T04:21:34Z,[]
Correct calibration_camera_lidar dependnecy about message header,syohex,2016-02-01T03:43:30Z,[]
Correct vehicle_socket dependnecy about message header,syohex,2016-02-01T02:32:24Z,[]
Improve ndt_mapping.,kitsukawa,2016-01-30T17:51:19Z,[]
Correct runtime_manager dependencies,syohex,2016-01-29T11:41:25Z,[]
Refactoring build process,syohex,2016-01-29T08:27:09Z,[]
"Runtime Manager, modify window title",kondoh2,2016-01-28T09:06:20Z,[]
Correct dependency name,syohex,2016-01-26T08:59:44Z,[]
Send shutdown signal to process manager on exit,syohex,2016-01-26T05:07:34Z,[]
Return error value at unknown operation key receieved,syohex,2016-01-26T04:13:08Z,[]
Add linear interpolate mode Switch,h-ohta,2016-01-22T12:46:05Z,[]
"Runtime Manager, fix func overwrite at dialog close",kondoh2,2016-01-22T08:17:29Z,[]
"Runtime Manager Computing tab, fix obj_reproj, obj_fusion launch",kondoh2,2016-01-22T06:55:00Z,[]
Fix dependency,syohex,2016-01-21T14:06:21Z,[]
Fixed newer CMake issue,syohex,2016-01-20T11:47:45Z,[]
update default.rviz,h-ohta,2016-01-19T09:24:05Z,[]
Bug fix about 'calcTwist',h-ohta,2016-01-19T09:18:08Z,[]
Add direction parameter,syouji,2016-01-19T06:38:34Z,[]
Fix requirement,manato,2016-01-19T05:48:35Z,[]
Improve accuracy of obj_reproj,manato,2016-01-19T05:35:57Z,"[{'user_id': 'manato', 'created_at': '2016-01-19T05:37:41Z', 'comment_text': 'Please let me know if there is a problem by this PR merge.\n'}]"
Fix ranging,manato,2016-01-18T17:27:20Z,"[{'user_id': 'manato', 'created_at': '2016-01-18T17:28:52Z', 'comment_text': '@syohex ,\nCould you please review this PR and merge it to master if there seems to be no problem?\nThank you very much for your always help.\n'}, {'user_id': 'manato', 'created_at': '2016-01-19T03:44:22Z', 'comment_text': '@syohex \nThank you very much for pointing out and kind explanation.\nI modified the places you pointed out.\nCould you please check again?\n'}]"
Fix pos_uploader's msec bug.,kuriking,2016-01-17T12:13:14Z,"[{'user_id': 'shinpei0208', 'created_at': '2016-01-17T12:19:47Z', 'comment_text': 'ありがとうございます。MLにも流してくださいー\n2016/01/17 21:13 ""USUDA Hisashi"" notifications@github.com:\n\n> Merged #204 https://github.com/CPFL/Autoware/pull/204.\n> \n> —\n> Reply to this email directly or view it on GitHub\n> https://github.com/CPFL/Autoware/pull/204#event-517229798.\n'}]"
Eigen3 with Fallback on ros-catkin-modules,jitrc,2016-01-16T14:12:35Z,"[{'user_id': 'syohex', 'created_at': '2016-01-20T09:41:54Z', 'comment_text': 'Why did you think that fallback is necessary ?\n\nWe can install eigen3 packages via `apt-get install`. And `ros-indigo-desktop-full` package contains eigen3 packages.\n'}, {'user_id': 'jitrc', 'created_at': '2016-01-20T10:03:21Z', 'comment_text': 'With newer version of CMake it cannot find Eigen3 even when it is\ninstalled. I faced it and found this to the best workaround from ROS and\nPCL issue log. I think the fallback(only if invoked when primary method\nfails to find Eigen3) has dependency on ros-indigo-camke-modules\nOn Jan 20, 2016 3:11 PM, ""Syohei YOSHIDA"" notifications@github.com wrote:\n\n> Why did you think that fallback is necessary ?\n> \n> We can install eigen3 packages via apt-get install. And\n> ros-indigo-desktop-full package contains eigen3 packages.\n> \n> —\n> Reply to this email directly or view it on GitHub\n> https://github.com/CPFL/Autoware/pull/203#issuecomment-173146339.\n'}, {'user_id': 'syohex', 'created_at': '2016-01-20T10:12:25Z', 'comment_text': 'Which CMake version did you use ?\n'}, {'user_id': 'jitrc', 'created_at': '2016-01-20T10:18:46Z', 'comment_text': 'I think 3.2, sorry on mobile now can\'t check. But you can see in CMake\ngithub repository, modules folder, FindEigen is missing.\nhttps://github.com/Kitware/CMake/tree/master/Modules\nOn Jan 20, 2016 3:42 PM, ""Syohei YOSHIDA"" notifications@github.com wrote:\n\n> Which CMake version did you use ?\n> \n> —\n> Reply to this email directly or view it on GitHub\n> https://github.com/CPFL/Autoware/pull/203#issuecomment-173156943.\n'}, {'user_id': 'syohex', 'created_at': '2016-01-20T10:20:07Z', 'comment_text': ""Thanks for information. I'll test.\n""}, {'user_id': 'jitrc', 'created_at': '2016-01-20T10:22:21Z', 'comment_text': 'Also I did aime major restructuring by seperating packages and msgs as\nthere are cyclic dependencies and causing problem with modern catkin tools.\nDidn\'t generate pull request though, I would if I fail to find any other\nbetter way, for now using legacy catkin_make for testing.\nOn Jan 20, 2016 3:48 PM, ""Jit Ray Chowdhury"" jit.ray.c@gmail.com wrote:\n\n> I think 3.2, sorry on mobile now can\'t check. But you can see in CMake\n> github repository, modules folder, FindEigen is missing.\n> https://github.com/Kitware/CMake/tree/master/Modules\n> On Jan 20, 2016 3:42 PM, ""Syohei YOSHIDA"" notifications@github.com\n> wrote:\n> \n> > Which CMake version did you use ?\n> > \n> > —\n> > Reply to this email directly or view it on GitHub\n> > https://github.com/CPFL/Autoware/pull/203#issuecomment-173156943.\n'}, {'user_id': 'syohex', 'created_at': '2016-01-20T11:22:46Z', 'comment_text': ""I confirmed this issue is reproducible with CMake3.2.\n\n> Also I did aime major restructuring by seperating packages and msgs as there are cyclic dependencies and causing problem with modern catkin tools. Didn't generate pull request though, I would if I fail to find any other better way, for now using legacy catkin_make for testing.\n\nAh, we should fix cyclic dependencies.\n""}, {'user_id': 'syohex', 'created_at': '2016-01-20T11:53:55Z', 'comment_text': 'Thanks for PR. I cherry-picked your commits and merged at #211. :+1:\n'}]"
Publish obj label by marker,manato,2016-01-15T16:27:48Z,[]
Fix motion planner,h-ohta,2016-01-15T06:09:29Z,[]
Query password by gksu,syohex,2016-01-14T10:43:44Z,"[{'user_id': 'syohex', 'created_at': '2016-01-14T11:26:22Z', 'comment_text': 'Autoware users must install `gksu` package for using this feature.\n\n``` bash\n% sudo apt-get install gksu\n```\n'}, {'user_id': 'kuriking', 'created_at': '2016-01-14T11:30:44Z', 'comment_text': 'GNOME端末経由で実行する、という方法ならgksuパッケージは不要ですが、\ngksuの方がきれいだと思います。\n'}, {'user_id': 'syohex', 'created_at': '2016-01-14T11:33:07Z', 'comment_text': '#### Demo\n\n![run-script](https://cloud.githubusercontent.com/assets/554281/12323364/f3698618-bafd-11e5-8f18-28f2abbaf3ee.gif)\n'}, {'user_id': 'kuriking', 'created_at': '2016-01-14T11:43:15Z', 'comment_text': 'Runtime Managerとroscoreを終了しても、proc_managerが残っているようにみえます。\n勘違いだったらすみません。\n'}, {'user_id': 'syohex', 'created_at': '2016-01-14T11:50:56Z', 'comment_text': '> Runtime Managerとroscoreを終了しても、proc_managerが残っているようにみえます。\n> 勘違いだったらすみません。\n\n現在対応を検討中です. とりあえず起動時に同名プロセスは全部 killするようにはしています.\n`run`と同ディレクトリにある `cleanup`スクリプトでも同様のことができます.\n(runtime managerの終了時に killさせようにも rootとして動いているので, そこでまたパスワード入力が必要になるなど単純にはいかないところがあります. いい方法がないか検討します.)\n'}, {'user_id': 'syohex', 'created_at': '2016-01-15T03:20:42Z', 'comment_text': 'Please report me if you have any problems about this change.\n'}]"
"Runtime Manager, increased frame height for Map tab viewing",kondoh2,2016-01-14T09:12:04Z,[]
Query password by zenity,syohex,2016-01-14T08:13:41Z,"[{'user_id': 'syohex', 'created_at': '2016-01-14T08:28:32Z', 'comment_text': 'This is very dangerous. Because other people who logs in same machine can steal other user login password by watching process which sends password to `sudo` process.\n'}]"
"Runtime Manager, from Rviz to RViz",kondoh2,2016-01-14T05:24:53Z,[]
"Runtime Manager Simulation tab, delete Clock, Sim Time checkbox",kondoh2,2016-01-14T04:25:18Z,[]
Fix typo,manato,2016-01-09T05:20:55Z,[]
Enabling bayer,manato,2016-01-06T15:14:11Z,"[{'user_id': 'manato', 'created_at': '2016-01-06T15:18:45Z', 'comment_text': '@syohex ,\nCould you please check and merge this PR if there seems to be no problem?\nThank you very much for always helping us.\n'}, {'user_id': 'manato', 'created_at': '2016-01-07T02:26:37Z', 'comment_text': 'Thank you for merging!\n'}]"
Update AutowareRoute,syouji,2016-01-06T10:12:54Z,[]
