title,Created_at,thread_id,subtitle_id,Type,Comment_text,Time_to_Close,Time_to_First_Response
Fix camera_ids.,2017-01-13T16:38:54Z,1,1,answered,@kuriking Thank you for fix. I checked this commit.,1762419.0,1693209.0
Hotfix/javad navsat driver,2016-12-22T04:25:03Z,2,,,,,
Defaults for unset CUDA_CAPABILITY_VERSION,2016-12-18T05:50:24Z,3,1,questioned,"@tushar-dadlani 
Thank you for making PR(#536).
As simple fixing is needed for your modification, I decided to merge your suggestion by this PR(#549) which is added fixing.
Thank you very much again for pointing out the problem!",503.0,495.0
Fixed a bug. It caused by reference to out of image size,2016-12-16T11:45:31Z,4,,,,,
Fixed a bug. It caused by reference to out of image size,2016-12-16T11:07:46Z,5,,,,,
ndt_matching using local_transform,2019-03-15T06:35:49Z,6,1,answered,"HI,I wonder what the mean of local_transform is.Could you please simply explain it?
Thx in advance.",7.0,70913394.0
ndt_matching using local_transform,2019-03-18T00:15:15Z,6,2,answered,"Thanks for using Autoware and for your question. However the issue tracker is for posting confirmed bugs and feature requests.

We ask that you please ask questions on the [Autoware Discourse category](https://discourse.ros.org/c/autoware) following our support guidelines: https://github.com/CPFL/Autoware/wiki/Support-guidelines. Please pay particular attention to the information we ask you to provide.",7.0,70913394.0
Add an instruction video of astar_navi,2016-12-14T07:44:11Z,8,,,,,
Add dialog,2016-12-13T10:09:45Z,9,,,,,
Update default.rviz,2016-12-13T09:12:11Z,10,,,,,
Fix .gitignore in each packages,2016-12-09T11:01:10Z,11,1,questioned,@amc-nu @sujiwo Could you check this PR? Thank you.,101725.0,41.0
Fix .gitignore in each packages,2016-12-10T14:56:34Z,11,2,questioned,"@amc-nu Thanks!
@sujiwo How about you?",101725.0,41.0
Fix .gitignore in each packages,2016-12-10T15:02:42Z,11,3,answered,I think they are fine.,101725.0,41.0
Fix .gitignore in each packages,2016-12-10T15:15:51Z,11,4,questioned,@sujiwo  Thank you. I'll merge,101725.0,41.0
"Fix dependency in ""fusion"" and ""integrated_viewer"" package",2016-12-08T15:36:31Z,15,1,questioned,@manato Could you check this PR? thank you.,168608.0,17.0
"Fix dependency in ""fusion"" and ""integrated_viewer"" package",2016-12-10T14:26:16Z,15,2,answered,"@h-ohta 
Thank you for fixing!
Sorry for my carelessness...",168608.0,17.0
"Fix dependency in ""fusion"" and ""integrated_viewer"" package",2016-12-10T14:28:41Z,15,3,answered,"@h-ohta 
I merged `fix-dependency` branch into master.
Please delete the branch if it is no need anymore.",168608.0,17.0
"Fix dependency in ""fusion"" and ""integrated_viewer"" package",2016-12-10T14:57:15Z,15,4,questioned,@manato Thank you for your cooperation!,168608.0,17.0
Fix cmake error in orb_localizer,2016-12-08T07:13:29Z,19,1,questioned,@sujiwo Could you check this PR?,1637.0,20.0
Update gitignore,2016-12-06T21:16:45Z,20,,,,,
Fix interchanged links,2016-12-07T17:58:33Z,21,1,answered,"Thank you!
",241843.0,241833.0
Defaults for unset CUDA_CAPABILITY_VERSION,2016-12-04T21:25:54Z,22,,,,,
Add Calibration sample data to README.md.,2016-12-04T20:56:25Z,23,,,,,
Add Calibration Toolkit video to README.md.,2016-12-04T11:11:33Z,24,,,,,
Support docker,2016-11-29T14:08:32Z,25,,,,,
"Runtime Manager Computing tab, fix euclidean_cluster default data",2016-11-29T08:28:37Z,26,,,,,
Bug fix for ROS > indigo,2016-11-29T07:22:36Z,27,1,questioned,@kitsukawa please check current fix for ORB-SLAM whether it is compilable,171104.0,38.0
Bug fix for ROS > indigo,2016-11-29T08:03:28Z,27,2,answered,"/home/kitsukawa/orb_slam/ros/src/computing/perception/localization/packages/orb_localizer/Thirdparty/DBoW2/DUtils/Random.cpp:11:27: fatal error: DUtils/Random.h: No such file or directory
 #include ""DUtils/Random.h""
                           ^
compilation terminated.
make[2]: *** [computing/perception/localization/packages/orb_localizer/Thirdparty/DBoW2/CMakeFiles/DBoW2.dir/DUtils/Random.cpp.o] Error 1
make[2]: *** Waiting for unfinished jobs....
",171104.0,38.0
Bug fix for ROS > indigo,2016-11-29T09:26:50Z,27,3,questioned,"At this time, please ensure that the branch `orb_slam' is up-to-date.",171104.0,38.0
Bug fix for ROS > indigo,2016-11-30T06:14:54Z,27,4,answered,Same compile error occurs.,171104.0,38.0
Bug fix for ROS > indigo,2016-11-30T07:37:01Z,27,5,questioned,"I'm using these commands to perform merge, and no errors were encountered:

1) Clone fresh repository:
cd /tmp
git clone https://github.com/CPFL/Autoware.git
cd Autoware

2) Checkout branch orb_slam and back to master:
git checkout orb_slam
git checkout master

3) Merge:
git merge orb_slam

4) Compile:
cd ros
./catkin_make_release

Are these sequences correct? Please advise.",171104.0,38.0
Bug fix for ROS > indigo,2016-11-30T14:14:57Z,27,6,answered,I followed the same commands but I met the same error. Are there any missing packages?,171104.0,38.0
Update AUTHORS,2016-11-26T03:57:35Z,33,,,,,
send transform in global coordinates,2016-11-25T20:00:08Z,34,,,,,
Rewrite astar navi,2016-11-25T11:44:41Z,35,,,,,
add ndt_tku,2016-11-24T18:30:26Z,36,,,,,
"Removing ""UpTo"" points from all the point cloud topics",2016-11-24T06:58:47Z,37,,,,,
add checkbox value of lane_stop parameter to pdic,2016-11-24T03:59:37Z,38,,,,,
Added param to ignore points closer than a threshold,2016-11-24T02:41:34Z,39,,,,,
Update README.md,2016-11-22T11:48:12Z,40,,,,,
Add a video for traffic light recognition,2016-11-22T08:01:36Z,41,,,,,
Update README.md,2016-11-22T07:13:41Z,42,,,,,
Update README.md,2016-11-21T07:07:24Z,43,,,,,
README update RCNN SSD,2016-11-20T11:57:47Z,44,,,,,
Make AutowareRider Android Studio compatible,2016-11-29T02:06:42Z,45,1,answered,"I tried to build and validate.
I can build using Android Studio, but the following problems were found.

- B,N,D,R,AUTO CRUISE and NORMAL CRUISE buttons did not change when I clicked them.
- The indication of middle was bright first, but it became dark later.

If you know about that please let me know.",2772143.0,960547.0
Make AutowareRider Android Studio compatible,2016-12-20T01:19:58Z,45,2,answered,@mingrutar I'll close. Please remake pull request after confirm and fix.,2772143.0,960547.0
Support MKZ,2016-11-17T02:03:42Z,47,,,,,
Ignore close points,2016-11-16T03:56:21Z,48,,,,,
Mod velocity set,2016-11-15T22:51:39Z,49,,,,,
Create red and green lanes from waypoint_saver CSV,2016-11-15T18:26:21Z,50,,,,,
Node Name Change for cv tracker,2016-11-15T07:43:31Z,51,,,,,
Added SSD node to CV Tracker,2016-11-15T03:08:27Z,52,,,,,
Add WayArea detection service,2016-11-07T07:00:20Z,53,,,,,
Rename variables.,2016-11-04T13:36:29Z,54,,,,,
delete data_filter,2016-11-04T10:50:09Z,55,,,,,
Rename package name.,2016-11-04T08:53:47Z,56,,,,,
Lidar segmentation,2016-11-04T07:45:11Z,57,,,,,
Separate motion planning,2016-11-02T13:49:12Z,58,,,,,
Module graph,2016-11-02T01:21:50Z,59,,,,,
Add orb_localizer.,2016-11-01T08:43:19Z,60,,,,,
"Revert ""Updated to start inside Docker container""",2016-10-31T10:13:09Z,61,,,,,
Add get height,2016-10-30T05:23:00Z,62,,,,,
Lidar segmentation,2016-10-29T14:56:03Z,63,,,,,
Lidar segmentation,2016-10-29T12:00:27Z,64,,,,,
Added output_frame param,2016-10-29T07:21:13Z,65,,,,,
Lidar segmentation,2016-10-25T08:35:53Z,66,,,,,
Update the check.launch for the tablet_socket ,2016-10-25T06:03:30Z,67,,,,,
Mod points2costmap,2016-10-24T09:49:37Z,68,,,,,
Lidar segmentation,2016-10-21T08:29:38Z,69,,,,,
Fix to subscribe the new topic,2016-10-19T07:03:54Z,70,,,,,
Lidar segmentation,2016-10-14T01:28:34Z,71,,,,,
Updated to start inside Docker container,2016-10-13T23:19:28Z,72,1,answered,"Great :)

2016/10/14 午前5:59 ""Matt"" notifications@github.com:

> The run script would error on:
> 
> /run: line 41: --geometry=50x10+0+0: command not found
> ./run: line 44: --geometry=50x10+500+0: command not found
> 
> ## When starting from a docker container.
> 
> You can view, comment on, or merge this pull request online at:
> 
>   https://github.com/CPFL/Autoware/pull/477
> Commit Summary
> - Updated to start inside Docker container
> 
> File Changes
> - _M_ ros/run https://github.com/CPFL/Autoware/pull/477/files#diff-0
>   (6)
> 
> Patch Links:
> - https://github.com/CPFL/Autoware/pull/477.patch
> - https://github.com/CPFL/Autoware/pull/477.diff
> 
> —
> You are receiving this because you are subscribed to this thread.
> Reply to this email directly, view it on GitHub
> https://github.com/CPFL/Autoware/pull/477, or mute the thread
> https://github.com/notifications/unsubscribe-auth/AAToCz22CNQkk1eNPvOybHiifrrzlhvsks5qzputgaJpZM4KWXMN
> .
",1271026.0,8403.0
Updated to start inside Docker container,2016-10-25T23:51:15Z,72,2,answered,"@droter 
Please fix code and push again.
After that, I will merge this pull request.
",1271026.0,8403.0
Updated to start inside Docker container,2016-10-28T05:06:08Z,72,3,questioned,"Updated file.
",1271026.0,8403.0
Added,2016-10-11T04:57:52Z,75,,,,,
Add tf_local.launch,2016-10-11T04:18:21Z,76,,,,,
Lidar clustering ,2016-10-10T07:52:38Z,77,,,,,
Improve visualization of circular arc,2016-10-09T07:51:31Z,78,,,,,
Mod waypoint follower,2016-10-08T21:07:52Z,79,,,,,
"Runtime Manager Simulation tab, add rosbag info thread",2016-10-06T11:17:45Z,80,,,,,
Develop planner,2016-10-05T13:33:50Z,81,,,,,
Output filtered PCD in Binary.,2016-10-02T11:29:32Z,82,,,,,
Remove unnecessary error checks,2016-09-29T13:04:26Z,83,,,,,
Fix vector map library,2016-09-29T10:12:43Z,84,,,,,
Update Quick Start documents,2016-09-27T22:57:44Z,85,,,,,
Update Zmp Patches,2016-09-26T15:26:36Z,86,,,,,
Publish marker when the traffic light detection is unknown,2016-09-26T09:15:56Z,87,,,,,
Fix autoware path,2016-09-24T06:16:43Z,88,,,,,
Add function to get current data,2016-09-23T07:00:49Z,89,,,,,
Add services of road data,2016-09-23T03:22:33Z,90,,,,,
Fix namespace of vector_map_server services,2016-09-21T12:55:17Z,91,,,,,
Add vector map library,2016-09-19T06:17:48Z,92,,,,,
"Runtime Manager Map tab, update to more simple implements",2016-09-15T09:45:59Z,93,,,,,
"Runtime Manager Computing tab, add use_crosswalk_detection to velocit…",2016-09-14T09:46:13Z,94,,,,,
add map_tools/pcd_arealist,2016-09-14T08:57:04Z,95,,,,,
Add Memsic IMU driver.,2016-09-14T08:46:12Z,96,,,,,
Select crosswalk detection,2016-09-14T08:11:00Z,97,,,,,
Mod velocity set,2016-09-14T07:28:41Z,98,,,,,
Publish the detection result when it is different from the previous one,2016-09-14T02:37:40Z,99,,,,,
Support new nmea format,2016-09-12T09:57:39Z,100,,,,,
Switch output from screen to log,2016-09-12T05:39:23Z,101,,,,,
Fix obj_reproj as it subscribed out of date topic (current_pose),2016-09-10T09:27:45Z,102,,,,,
Fix to KF caused from synchro changes,2016-09-01T04:58:24Z,103,1,questioned,"Fixes  Bug autowarefoundation/autoware_ai#863 pointed out by @layssi
",1375.0,1358.0
"Runtime Manager, changed wx.Color to wx.Colour for wxPython3",2016-08-30T08:26:04Z,104,,,,,
Add Quick Start Manual(EN),2016-08-29T12:08:08Z,105,,,,,
New Visual Localization based on ORB-SLAM,2016-08-29T07:59:23Z,106,,,,,
Update Quick Start Manual(JP),2016-08-25T23:18:30Z,107,,,,,
Fix ndt_mapping,2016-08-25T13:07:19Z,108,,,,,
"Runtime Manager, fix rosbag record stop",2016-08-23T03:16:18Z,109,,,,,
Add Single thread sync node,2016-08-10T14:47:41Z,110,,,,,
Update launch kill to simple,2016-08-09T06:09:40Z,111,,,,,
Delete no need nodes dic,2016-08-08T04:19:56Z,112,,,,,
Modify region_tlr so that it publishes superimpose image as topic,2016-08-06T10:02:05Z,113,,,,,
"Runtime Manager, fix old gui theme at RViz remote",2016-08-05T08:53:44Z,114,,,,,
"Runtime Manager, add kill_children flag to RViz cmd for remote termin…",2016-08-05T08:47:42Z,115,,,,,
Updated fast_pcl,2016-08-04T15:08:05Z,116,,,,,
Create vehicle_info directory,2016-08-03T17:12:02Z,117,,,,,
"Runtime Manager Setup tab, add Vehicle Info",2016-08-03T06:06:34Z,118,,,,,
Add model data for simulation,2016-08-03T04:21:47Z,119,,,,,
Set precision of log file of ndt_matching,2016-08-03T01:41:40Z,120,,,,,
Visualize current_velocity by Plotter2D,2016-08-03T00:54:15Z,121,,,,,
Change message type for current velocity,2016-08-02T23:35:13Z,122,,,,,
"Runtime Manager, terminate_children() changed to as option",2016-08-02T02:58:31Z,123,,,,,
Ignore 0 ranges,2016-07-28T06:46:43Z,124,,,,,
Feature/integrate viewer,2016-07-27T15:22:00Z,125,1,answered,"Sweet!

2016-07-27 23:20 GMT+09:00 Manato Hirabayashi notifications@github.com:

> These are the RViz plugin to display
> - detection result (object detection, ranging, tracking and points
>   image)
> - traffic light recognition and alternatives to existing viewers in
>   Autoware.
> 
> ---
> 
> You can view, comment on, or merge this pull request online at:
> 
>   https://github.com/CPFL/Autoware/pull/402
> Commit Summary
> - Add RViz plugin to display traffic light recognition result
> - Add RViz integrated viewer plugin to display detection result
> 
> File Changes
> - _A_
>   ros/src/computing/perception/detection/packages/integrated_viewer/CMakeLists.txt
>   https://github.com/CPFL/Autoware/pull/402/files#diff-0 (104)
> - _A_
>   ros/src/computing/perception/detection/packages/integrated_viewer/lib/convert_image.h
>   https://github.com/CPFL/Autoware/pull/402/files#diff-1 (46)
> - _A_
>   ros/src/computing/perception/detection/packages/integrated_viewer/node/image_viewer_plugin/autoware_logo.png
>   https://github.com/CPFL/Autoware/pull/402/files#diff-2 (1)
> - _A_
>   ros/src/computing/perception/detection/packages/integrated_viewer/node/image_viewer_plugin/draw_points.cpp
>   https://github.com/CPFL/Autoware/pull/402/files#diff-3 (67)
> - _A_
>   ros/src/computing/perception/detection/packages/integrated_viewer/node/image_viewer_plugin/draw_points.h
>   https://github.com/CPFL/Autoware/pull/402/files#diff-4 (21)
> - _A_
>   ros/src/computing/perception/detection/packages/integrated_viewer/node/image_viewer_plugin/draw_rects.cpp
>   https://github.com/CPFL/Autoware/pull/402/files#diff-5 (150)
> - _A_
>   ros/src/computing/perception/detection/packages/integrated_viewer/node/image_viewer_plugin/draw_rects.h
>   https://github.com/CPFL/Autoware/pull/402/files#diff-6 (28)
> - _A_
>   ros/src/computing/perception/detection/packages/integrated_viewer/node/image_viewer_plugin/image_viewer_form.ui
>   https://github.com/CPFL/Autoware/pull/402/files#diff-7 (142)
> - _A_
>   ros/src/computing/perception/detection/packages/integrated_viewer/node/image_viewer_plugin/image_viewer_plugin.cpp
>   https://github.com/CPFL/Autoware/pull/402/files#diff-8 (265)
> - _A_
>   ros/src/computing/perception/detection/packages/integrated_viewer/node/image_viewer_plugin/image_viewer_plugin.h
>   https://github.com/CPFL/Autoware/pull/402/files#diff-9 (108)
> - _A_
>   ros/src/computing/perception/detection/packages/integrated_viewer/node/traffic_light_plugin/form.ui
>   https://github.com/CPFL/Autoware/pull/402/files#diff-10 (106)
> - _A_
>   ros/src/computing/perception/detection/packages/integrated_viewer/node/traffic_light_plugin/traffic_light_plugin.cpp
>   https://github.com/CPFL/Autoware/pull/402/files#diff-11 (119)
> - _A_
>   ros/src/computing/perception/detection/packages/integrated_viewer/node/traffic_light_plugin/traffic_light_plugin.h
>   https://github.com/CPFL/Autoware/pull/402/files#diff-12 (68)
> - _A_
>   ros/src/computing/perception/detection/packages/integrated_viewer/package.xml
>   https://github.com/CPFL/Autoware/pull/402/files#diff-13 (30)
> - _A_
>   ros/src/computing/perception/detection/packages/integrated_viewer/rviz_plugin_description.xml
>   https://github.com/CPFL/Autoware/pull/402/files#diff-14 (19)
> 
> Patch Links:
> - https://github.com/CPFL/Autoware/pull/402.patch
> - https://github.com/CPFL/Autoware/pull/402.diff
> 
> —
> You are receiving this because you are subscribed to this thread.
> Reply to this email directly, view it on GitHub
> https://github.com/CPFL/Autoware/pull/402, or mute the thread
> https://github.com/notifications/unsubscribe-auth/AAToC2vEuDFwOKNLe5pTS3K-TWqaxoTxks5qZ2kSgaJpZM4JWPWS
> .
",832303.0,3718.0
Feature/integrate viewer,2016-08-06T05:35:23Z,125,2,questioned,"I have merged feature/integrated_viewer branch to the master.
Please let me know if you have any trouble by this merge.

@amc-nu , @h-ohta 
Thank you very much for your cooperation!

New RViz plugin is available by:
RViz menu -> ""Panels"" -> ""Add New Panel"" -> select ""ImageViewerPlugin"" or ""TrafficLightPlugin"" in ""integrated_viewer"" section.
",832303.0,3718.0
Kill sigint,2016-07-22T05:43:31Z,127,,,,,
Mod waypoint saver,2016-07-11T09:49:04Z,128,1,questioned,"I verified this node working.
I'll merge.
",75.0,70.0
Accelerated obj detection,2016-07-08T10:05:35Z,129,,,,,
Template synchronization library,2016-07-08T08:07:02Z,130,,,,,
Hotfix segmentation fault in range_fusion,2016-07-07T18:24:57Z,131,,,,,
Time monitor,2016-07-07T16:17:19Z,132,,,,,
Hotfix in range_fusion,2016-07-07T14:15:18Z,133,,,,,
Add Quick Start manual,2016-07-05T20:02:11Z,134,,,,,
ORB SLAM Fix with History,2016-07-05T08:16:44Z,135,,,,,
Add exe_time in PointsFilterInfo.msg.,2016-07-04T08:50:35Z,136,,,,,
Fix ladybug driver,2016-07-04T07:05:51Z,137,,,,,
Add missing dependencies.,2016-07-04T07:02:37Z,138,,,,,
Update documents,2016-07-04T07:00:50Z,139,,,,,
Planner x,2016-07-29T05:30:49Z,140,1,answered,"@hatem-darweesh I confirmed your branch compiles correctly. But, can you tell us how to test its functions?
",14438207.0,2160619.0
Planner x,2016-08-02T23:52:51Z,140,2,answered,"@hatem-darweesh Would you show us how to test PlannerX in Autoware?
",14438207.0,2160619.0
Planner x,2016-08-03T00:13:29Z,140,3,answered,"@hatem-darweesh

We should also change the name of this package and its nodes. planner_x
does not mean anything. It should be more scientific, providing the correct
information on what algorithms and functions are supported.

2016/08/03 午前8:52 ""Hiroki Ohta"" notifications@github.com:

> @hatem-darweesh https://github.com/hatem-darweesh Would you show us how
> to test PlannerX in Autoware?
> 
> —
> You are receiving this because you are subscribed to this thread.
> Reply to this email directly, view it on GitHub
> https://github.com/CPFL/Autoware/pull/379#issuecomment-237086531, or mute
> the thread
> https://github.com/notifications/unsubscribe-auth/AAToCzjkNpGupeBJ7vKjEPFvNXNRA8nAks5qb9hUgaJpZM4JEDno
> .
",14438207.0,2160619.0
Planner x,2016-08-03T01:01:04Z,140,4,questioned,"I am working on that,  just fixing a major bug I found yesterday,

About the name,  the current  implementation is : multy stage deterministic
rule based planner.  And it will include mdp and pomdp In the future.  That
is why I couldn't find a suitable name.

On Aug 3, 2016 9:13 AM, ""Shinpei Kato"" notifications@github.com wrote:

> @hatem-darweesh
> 
> We should also change the name of this package and its nodes. planner_x
> does not mean anything. It should be more scientific, providing the correct
> information on what algorithms and functions are supported.
> 
> 2016/08/03 午前8:52 ""Hiroki Ohta"" notifications@github.com:
> 
> > @hatem-darweesh https://github.com/hatem-darweesh Would you show us
> > how
> > to test PlannerX in Autoware?
> > 
> > —
> > You are receiving this because you are subscribed to this thread.
> > Reply to this email directly, view it on GitHub
> > https://github.com/CPFL/Autoware/pull/379#issuecomment-237086531, or
> > mute
> > the thread
> > <
> > https://github.com/notifications/unsubscribe-auth/AAToCzjkNpGupeBJ7vKjEPFvNXNRA8nAks5qb9hUgaJpZM4JEDno
> > 
> > .
> 
> —
> You are receiving this because you were mentioned.
> Reply to this email directly, view it on GitHub
> https://github.com/CPFL/Autoware/pull/379#issuecomment-237090403, or mute
> the thread
> https://github.com/notifications/unsubscribe-auth/ATP3Ebzz3i-vkUIToTiartF9NTP9Wt8qks5qb90tgaJpZM4JEDno
> .
",14438207.0,2160619.0
Planner x,2016-08-05T10:11:11Z,140,5,answered,"It can just represent the main concept. What about dp_planner?

2016/08/03 午前10:01 ""hatem-darweesh"" notifications@github.com:

> I am working on that, just fixing a major bug I found yesterday,
> 
> About the name, the current implementation is : multy stage deterministic
> rule based planner. And it will include mdp and pomdp In the future. That
> is why I couldn't find a suitable name.
> 
> On Aug 3, 2016 9:13 AM, ""Shinpei Kato"" notifications@github.com wrote:
> 
> > @hatem-darweesh
> > 
> > We should also change the name of this package and its nodes. planner_x
> > does not mean anything. It should be more scientific, providing the
> > correct
> > information on what algorithms and functions are supported.
> > 
> > 2016/08/03 午前8:52 ""Hiroki Ohta"" notifications@github.com:
> > 
> > > @hatem-darweesh https://github.com/hatem-darweesh Would you show us
> > > how
> > > to test PlannerX in Autoware?
> > > 
> > > —
> > > You are receiving this because you are subscribed to this thread.
> > > Reply to this email directly, view it on GitHub
> > > https://github.com/CPFL/Autoware/pull/379#issuecomment-237086531, or
> > > mute
> > > the thread
> > > <
> > > https://github.com/notifications/unsubscribe-auth/
> > > AAToCzjkNpGupeBJ7vKjEPFvNXNRA8nAks5qb9hUgaJpZM4JEDno
> > > 
> > > .
> > 
> > —
> > You are receiving this because you were mentioned.
> > Reply to this email directly, view it on GitHub
> > https://github.com/CPFL/Autoware/pull/379#issuecomment-237090403, or
> > mute
> > the thread
> > <https://github.com/notifications/unsubscribe-auth/ATP3Ebzz3i-
> > vkUIToTiartF9NTP9Wt8qks5qb90tgaJpZM4JEDno>
> > .
> 
> —
> You are receiving this because you commented.
> Reply to this email directly, view it on GitHub
> https://github.com/CPFL/Autoware/pull/379#issuecomment-237099957, or mute
> the thread
> https://github.com/notifications/unsubscribe-auth/AAToC559A8ambM0YCLzuWVg-QPqZs5Suks5qb-hQgaJpZM4JEDno
> .
",14438207.0,2160619.0
"Runtime Manager, fix getting proc info in ParamPanel class",2016-07-04T04:00:20Z,145,,,,,
Fix cost calculation for unknown costs,2016-07-02T09:06:38Z,146,,,,,
Modified correct timestamp,2016-07-01T13:24:16Z,147,,,,,
"Runtime Manager, update some utility functions",2016-07-01T08:29:57Z,148,,,,,
"Runtime Manager Map tab, fix toggle enable of (Point Cloud) btn",2016-07-01T08:01:47Z,149,,,,,
"Runtime Manager Sensing tab, update filter cmd for Synchronization bu…",2016-07-01T06:46:04Z,150,,,,,
"Runtime Manger, fix camera_id setting at sync on",2016-07-01T05:02:20Z,151,,,,,
"Runtime Manager, fix camera_id selection at Synchronization ON",2016-06-30T04:44:28Z,152,,,,,
"Runtime Manager Simulation tab, fix showing of rosbag pos remains on …",2016-06-29T09:50:28Z,153,,,,,
"Runtime Manager Topics tab, fix for alias of bottom btns",2016-06-29T09:30:46Z,154,,,,,
"Runtime Manager, fix RViz remote setting",2016-06-27T10:37:13Z,155,,,,,
ndt_mapping pcd save bug fix  and added autoloading of default.rviz,2016-07-27T02:06:42Z,156,1,answered,"@kitsukawa Would you check changes for ndt_localizer in this PR?
",5333367.0,2787710.0
ndt_mapping pcd save bug fix  and added autoloading of default.rviz,2016-08-25T13:12:52Z,156,2,answered,"Thank you for your PR. I reflected your changes in #430 . 
",5333367.0,2787710.0
"Runtime Manager, fix remote RViz setting",2016-06-23T08:08:27Z,158,,,,,
Uncomment publish statement of region_tlr,2016-06-19T14:47:38Z,159,,,,,
Add missing dependencies,2016-06-16T09:38:41Z,160,,,,,
Clear points data after detection,2016-06-16T07:05:04Z,161,,,,,
Fix qs map load ok,2016-06-15T08:57:24Z,162,,,,,
Modified file name of log for ndt_matching/icp_matching.,2016-06-12T14:17:30Z,163,,,,,
Fix lattice,2016-06-10T11:24:37Z,164,,,,,
Fix email link,2016-06-08T12:29:05Z,165,,,,,
Update Contact of documents,2016-06-08T12:12:55Z,166,,,,,
Make ranges 0 when there are near objects,2016-06-08T10:37:15Z,167,,,,,
Modify laserscan2costmap,2016-06-08T07:32:03Z,168,,,,,
Add measuring align_time and getFitnessScore_time.,2016-06-08T06:25:43Z,169,,,,,
Bugs on 2.4.8/9,2016-06-06T09:10:40Z,170,1,answered,"However OpenCV version of Ubuntu package is 2.4.8. If Autoware requires OpenCV 2.4.10 or higher versions, then Autoware users have to build and install OpenCV from source code.
",6.0,652.0
Parallelized ndt_matching,2016-06-03T18:55:49Z,171,1,questioned,"@syohex @yukkysaito 
OpenMPを用いている関数の名前をomp_***と変更し、新たに追加しました。
ndt_matching.launchでuse_openmpをtrue/falseにすることにより、使用する関数を切り替えられるようにしました。
何か問題ないかご確認いただけないでしょうか。
",279836.0,332.0
Parallelized ndt_matching,2016-06-06T01:29:44Z,171,2,answered,"PCL 1.7.1以前がインストールされている環境ではビルドエラーになります. `fast_pcl`がビルドされないので `omp_*`メソッドが存在しないため.  `#ifdef USE_FAST_PCL`で囲う必要があると考えます.
(Ubuntu 15.04 ROS Jade, Ubuntu 14.04 Indigo + PCL 1.7.2では問題なくビルドできることを確認しました.)
",279836.0,332.0
Parallelized ndt_matching,2016-06-06T02:33:08Z,171,3,answered,"以下でビルドは通ること(Ubuntu 14.04 pcl 1.7.1)は確認できました.

``` diff
diff --git a/ros/src/computing/perception/localization/packages/ndt_localizer/nodes/ndt_matching/ndt_matching.cpp b/ros/src/computing/perception/localization/packages/ndt_localizer/nodes/ndt_matching/ndt_matching.cpp
index 1875701..e97531f 100644
--- a/ros/src/computing/perception/localization/packages/ndt_localizer/nodes/ndt_matching/ndt_matching.cpp
+++ b/ros/src/computing/perception/localization/packages/ndt_localizer/nodes/ndt_matching/ndt_matching.cpp
@@ -383,21 +383,29 @@ static void points_callback(const sensor_msgs::PointCloud2::ConstPtr& input)
     Eigen::Matrix4f init_guess = (init_translation * init_rotation_z * init_rotation_y * init_rotation_x) * tf_btol;

     pcl::PointCloud<pcl::PointXYZ>::Ptr output_cloud(new pcl::PointCloud<pcl::PointXYZ>);
+#ifdef USE_FAST_PCL
     if(_use_openmp == true){
        ndt.omp_align(*output_cloud, init_guess);
     }else{
+#endif
        ndt.align(*output_cloud, init_guess);
+#ifdef USE_FAST_PCL
     }
+#endif

     t = ndt.getFinalTransformation();  // localizer
     t2 = t * tf_ltob;                  // base_link

     iteration = ndt.getFinalNumIteration();
+#ifdef USE_FAST_PCL
     if(_use_openmp == true){
        fitness_score = ndt.omp_getFitnessScore();
     }else{
+#endif
        fitness_score = ndt.getFitnessScore();
+#ifdef USE_FAST_PCL
     }
+#endif
     trans_probability = ndt.getTransformationProbability();

     tf::Matrix3x3 mat_l;  // localizer
```
",279836.0,332.0
Parallelized ndt_matching,2016-06-06T06:37:30Z,171,4,questioned,"@syohex 
ありがとうございます。ご指摘通り修正いたしました。
",279836.0,332.0
Parallelized ndt_matching,2016-06-06T06:57:56Z,171,5,answered,"ビルドができるようになったことは確認できました.
",279836.0,332.0
Fix route file reading convention,2016-06-03T12:16:08Z,176,,,,,
Add Autoware messages,2016-06-03T10:26:26Z,177,,,,,
"Runtime Manager, Add desc",2016-06-03T06:52:34Z,178,,,,,
Add a text label with a object pose,2016-06-02T12:09:42Z,179,,,,,
modify obj_fusion and obj_reproj in order to use tracking ID,2016-06-02T11:54:12Z,180,,,,,
Fix deprecated code,2016-06-02T10:06:41Z,181,,,,,
Improve CMakeLists.txt and package.xml,2016-06-02T07:48:07Z,182,1,questioned,"By the way, Almost all Autoware programs which depend on OpenCV cannot be built on ROS kinetic, because ROS kinetic bundles OpenCV3 and forces developers to use OpenCV3 by default. Developers cannot use OpenCV2 in general. Some Autoware programs uses deprecated OpenCV functions, classes, structures, they are removed on OpenCV3. If Autoware supports ROS kinetic in the future, we should consider to rewrite some programs with OpenCV3.

And some ROS packages which are used by Autoware are missed in ROS kinentic.
- sound_play
- nmea-msgs

ROS kinentic supports both Qt4 and Qt5, so we can remove some Qt5 hacks from CMakeList.txt.

See also
- http://wiki.ros.org/kinetic/Migration
",3818.0,1314.0
Connect Autoware by topic,2016-06-01T12:24:30Z,183,,,,,
Fixed bug(The klt trancking node publish same distance data),2016-06-01T09:33:40Z,184,,,,,
Add fast_pcl library.,2016-06-01T08:29:31Z,185,1,questioned,"@syohex 
PCLのFilterとRegistrationモジュールの必要な部分をfast_pclとして追加しました。
ndt_matching.cppでは、インクルードするヘッダをpcl/registration/ndt.h<-->fast_pcl/registration/ndt.hで切り替えられることは確認しました。
PCLのソースコード自体は変更していませんが、ライブラリとして追加することに関して、何か問題ないか確認していただけないでしょうか?
",162880.0,1341.0
Add fast_pcl library.,2016-06-01T09:41:51Z,185,2,answered,"ビルドが通りません. 

```
/home/syohei/Autoware/ros/src/computing/perception/localization/lib/fast_pcl/regis
tration/include/fast_pcl/registration/impl/correspondence_estimation.hpp:44:35: fa
tal error: pcl/common/copy_point.h: No such file or directory
 #include <pcl/common/copy_point.h>
```

Ubuntu 14.04の `pcl-1.7`パッケージは 1.7.1なので, copy_point.hが含まれていません. [https://github.com/PointCloudLibrary/pcl](https://github.com/PointCloudLibrary/pcl)を見たところ, 1.7.2から含まれているヘッダファイルのようですが, どのようにこの問題を回避すればよろしいでしょうか ?
",162880.0,1341.0
Add fast_pcl library.,2016-06-01T15:07:33Z,185,3,questioned,"こちらの環境を確認してみたところ、1.7.2でした。
ユーザーにlibpcl-1.7のバージョンを1.7.2にアップデートしてもらうという方法で回避するというのではだめでしょうか?
",162880.0,1341.0
Add fast_pcl library.,2016-06-02T01:14:52Z,185,4,answered,"その場合 Ubuntu 14.04での利用者にソースコードからのビルドを要求することになってしまうので, 良い考えとはいえないと思います. 必須の機能でなければ, 低いバージョンの libpclを利用している場合はビルドしないというのはいかがでしょうか ?

(Ubuntu 15.04, Ubuntu 16.04では libpcl 1.7.2がパッケージからインストールできることを確認しました.)
",162880.0,1341.0
Add fast_pcl library.,2016-06-02T01:51:33Z,185,5,answered,"Ubuntu 15.04 ROS jadeではビルドできることは確認できました.
",162880.0,1341.0
Add fast_pcl library.,2016-06-02T07:52:56Z,185,6,questioned,"Ubuntu 14.04の場合、ros-indigo-desktop-fullをインストールした際に、一緒にインストールされるlibpcl-1.7のバージョンが1.7.1みたいですね。
その場合、
sudo add-apt-repository ppa:v-launchpad-jochen-sprickerhof-de/pcl
sudo apt-get update
sudo apt-get dist-upgrade
とすれば、libpcl-1.7のバージョンを1.7.2に更新できることを確認しました。
1番いいのは上記の方法でlibpcl-1.7のバージョンを1.7.2にしてもらうことだと思います。しかし、1.7.1の場合は、ビルドしないという方法がいいかと思いますが、そうするとndt_matchingでfast_pcl/registration/ndt.hをインクルードした場合、エラーが出ると思いますが、どのように対処したらいいのでしょうか...
",162880.0,1341.0
Add fast_pcl library.,2016-06-02T08:22:29Z,185,7,answered,"APIが同じということであれば, ビルド時にバージョンをチェックして, ifdefで切り分けるので良いと思います.(CMakeで `find_package(PCL)`すれば, `${PCL_VERSION}`でバージョンは取れます.)
",162880.0,1341.0
Add fast_pcl library.,2016-06-02T09:47:17Z,185,8,questioned,"find_package(PCL)とし、PCLのバージョンを取得することはできたのですが、CMakeの書き方に習熟しておらず思うように動作をしないので、PCLバージョンをチェックして、1.7.2以降ならばfast_pclをコンパイル、ndt_localizerのCMakeListsでfast_pclをリンク、1.7.1ならばfast_pclのコンパイル、リンクをしないというように変更していただけないでしょうか?お手数をおかけして申し訳ありません。
",162880.0,1341.0
Add fast_pcl library.,2016-06-02T09:51:51Z,185,9,answered,"まだ変更内容がよくわかっていないので, 確認から行ってみます.
",162880.0,1341.0
Add fast_pcl library.,2016-06-03T03:14:08Z,185,10,answered,"https://github.com/CPFL/Autoware/pull/335/commits/1c85e501ce999aa026819619540301e70974408b の修正を確認していただけないでしょうか ? 
Ubuntu 14.04 + pcl 1.7.1と Ubuntu 15.04 + pcl 1.7.2でそれぞれビルドできることは確認しました.
",162880.0,1341.0
Add fast_pcl library.,2016-06-03T05:17:40Z,185,11,questioned,"Ubuntu 14.04 + pcl 1.7.2 の場合でもビルドできることを確認しましたのでマージします。
ご協力いただきましてありがとうございます。
",162880.0,1341.0
Update instruction videos,2016-05-31T13:41:18Z,196,1,answered,"Great!
2016/05/31 22:37 ""Yuki Kitsukawa"" notifications@github.com:

> Merged #333 https://github.com/CPFL/Autoware/pull/333.
> 
> —
> You are receiving this because you are subscribed to this thread.
> Reply to this email directly, view it on GitHub
> https://github.com/CPFL/Autoware/pull/333#event-677010154, or mute the
> thread
> https://github.com/notifications/unsubscribe/AAToC2fZkVGRZu_WBOPW42RrgKemBsiBks5qHDl6gaJpZM4Iqibn
> .
",7.0,268.0
Update instruction videos,2016-05-31T20:13:53Z,196,2,answered,"When will the instruction manual be in English?  
",7.0,268.0
Update instruction videos,2016-06-01T07:00:59Z,196,3,questioned,"@Denisetoo 
I am sorry but I don't know about that because I am not in charge of the manuals.
",7.0,268.0
"Runtime Manger, add obj_enables utils for widget enable/disable",2016-05-31T09:21:10Z,199,,,,,
"Runtime Manager, refactoring config_dic search, add param sys",2016-05-31T08:16:57Z,200,,,,,
"Runtime Manager, add utils for dict and list",2016-05-31T08:06:38Z,201,,,,,
Remove needless compiling flags,2016-05-31T07:07:49Z,202,,,,,
Add lazy_ndt_mapping.,2016-05-30T18:35:05Z,203,,,,,
Fix TF of ndt_mapping.,2016-05-30T15:04:16Z,204,,,,,
Add icp_stat.msg.,2016-05-30T11:44:53Z,205,,,,,
Add missing ndt_localizer dependency,2016-05-30T11:49:25Z,206,1,answered,"@syohex 
Thank you for reporting and fixing the errors.
I add icp_stat.msg instead of ndt_stat.msg at #325.
",2761.0,267683.0
Add icp_localizer.,2016-05-27T06:05:08Z,207,,,,,
Vecta cam driver,2016-05-27T06:59:35Z,208,1,questioned,"@syohex 確認お願いします。
",359807.0,6411.0
Vecta cam driver,2016-05-27T09:10:45Z,208,2,answered,"BTW. Please use branch which is branched from latest master branch. Your branch is too old and it cannot build on machine which installs ros-java package(This issue is already fixed on latest master branch)
",359807.0,6411.0
Vecta cam driver,2016-05-27T10:08:52Z,208,3,questioned,"Thanks @syohex I'll attend all
",359807.0,6411.0
Vecta cam driver,2016-05-31T01:49:35Z,208,4,questioned,"もう一度確認下さい。 @syohex 
",359807.0,6411.0
Vecta cam driver,2016-05-31T02:45:03Z,208,5,questioned,"@syohex done
",359807.0,6411.0
Vecta cam driver,2016-05-31T03:38:33Z,208,6,answered,"BTW for Autoware developers, there are some deeply nested code in Autoware. Deeply nested code is difficult to read and understand. You can reduce nest for some patterns. Please consider reducing nest when you write deeply nested code(In general, more than 3-4 nested blocks).

For example.

``` c
int ret = some_function(a, b, c);
if (ret < 0) {
   log(""error...."");
} else {
  // success case
}
```

``` c
int ret = some_function(a, b, c);
if (ret < 0) {
   log(""error...."");
   return ret;
}

// success case
```

Other example(conditions in loop)

``` c
while (some_iterations()) {
    int ret = some_function(a, b, c);
    if (ret < 0) {
       log(""error...."");
    } else {
      // success case
    }
}
```

``` c
while (some_iterations()) {
    int ret = some_function(a, b, c);
    if (ret < 0) {
       log(""error...."");
       continue; // or break, return
    }

    // success case
}
```

Please consider

See also
- https://en.wikibooks.org/wiki/Computer_Programming/Coding_Style/Minimize_nesting
- Art of Readable code Section 7 Minimize Nesting(日本語版: 7.7 ネストを浅くする)
- Code Complete Section 4
",359807.0,6411.0
Vecta cam driver,2016-05-31T07:10:47Z,208,7,questioned,"いかがですか？ @syohex 
",359807.0,6411.0
Vecta cam driver,2016-05-31T09:04:58Z,208,8,answered,"It looks there is no big problem.
",359807.0,6411.0
"Runtime Manager Map tab, add 1GB check for .pcd files",2016-05-26T09:50:46Z,216,,,,,
"Runtime Manager Computing tab, fix typo points2costmap",2016-05-23T02:37:50Z,217,,,,,
Remove unnecessary parameters from config window of ndt_matching.,2016-05-20T11:30:42Z,218,,,,,
"Runtime Manager Computing tab, add Semantics package",2016-05-20T10:42:52Z,219,,,,,
Show UVC camera ID,2016-05-20T08:47:13Z,220,,,,,
Fix points_filter dependencies.,2016-05-20T05:08:54Z,221,1,answered,"I have confirmed that build successes.
",1205.0,1223.0
Add frame_id to BoundingBoxArray,2016-05-23T15:32:23Z,222,1,answered,"@h-ohta ,
They were completely my mistake!
Thank you very much to let me know and fix them!
",369477.0,369471.0
Add jsk packages,2016-05-19T01:57:55Z,223,1,answered,"Please comment why you add jsk_visualization package into Autoware repository. Because ros-indigo-jsk-visualization is provided as ROS apt package. 
",684164.0,47410.0
Add jsk packages,2016-05-19T08:39:55Z,223,2,questioned,"> Because ros-indigo-jsk-visualization is provided as ROS apt package.

Thank you for your information.
I did'nt know that.
I'll check whether that package is available for Autoware.
",684164.0,47410.0
Add jsk packages,2016-05-26T10:50:29Z,223,3,questioned,"I confirmed that we can use jsk_visualization package provided by apt in Autoware,so I cancel this PR.
",684164.0,47410.0
Separate downsampling of points_raw from ndt_matching.,2016-05-18T11:03:22Z,226,1,questioned,"@syohex 
ros/sensing/data_filter/packagesに新たにpoints_filterというパッケージを作成しました。お手数をおかけしますが、何か問題がないかチェックしていただけないでしょうか?
",72384.0,346.0
Separate downsampling of points_raw from ndt_matching.,2016-05-19T03:10:45Z,226,2,answered,"内容は理解できていないのであれですが, 問題はないように見えます. ただ変更が多すぎるので, (可能であればもう少し分割していただけると助かります)
",72384.0,346.0
Separate downsampling of points_raw from ndt_matching.,2016-05-19T07:03:52Z,226,3,questioned,"ご確認ありがとうございます。今後、1回の変更をもう少し分割したいと思います。
",72384.0,346.0
Change Vehicle Model from Marker to RobotModel.,2016-05-18T06:13:53Z,229,,,,,
Don't publish non message object,2016-05-18T01:47:32Z,230,,,,,
Add semantics package,2016-05-16T09:59:25Z,231,1,questioned,"@syohex 
お手数おかけしますが，何か問題ないかチェックしていただいてもよろしいでしょうか?
",316331.0,75.0
Add semantics package,2016-05-17T08:11:10Z,231,2,answered,"http://wiki.ros.org/ROSNodeTutorialC++

メモとして残しておきますが, 上記の URLの 3.2 The listener node, 3.3 The NodeExample classのように実装すると, 関数ローカルな static変数が減らせるものと思います. 

http://wiki.ros.org/ROSNodeTutorialC++#CA-e07dead5795e4d17f3e7d28da49569a19f39cae9_30

にあるようにコールバック関数にメンバ関数ポインタを設定, その次の引数にインスタンスのポインタを指定することでクラス内に状態を閉じ込めることができます.
",316331.0,75.0
Add semantics package,2016-05-17T10:42:17Z,231,3,questioned,"勉強になるメモありがとうございます！ 今後のコーディングの参考にさせていただきます．

ご指摘いただいた点を修正しましたので，再度レビューをお願いします．
",316331.0,75.0
Add semantics package,2016-05-19T11:11:37Z,231,4,questioned,"ご指摘いただいた点を修正しました．
お手数かけますが，再度チェックお願いします．
",316331.0,75.0
Add semantics package,2016-05-19T11:47:16Z,231,5,answered,"ビルドも通ったので問題ないと思います.
",316331.0,75.0
Add semantics package,2016-05-20T01:51:50Z,231,6,questioned,"マージしました．
レビューありがとうございました！
",316331.0,75.0
Publish cached waypoint,2016-05-16T06:20:32Z,237,,,,,
Mod waypoint follower,2016-05-12T13:13:04Z,238,,,,,
"Runtime Manager Computing tab, fix for sync option problem",2016-05-11T04:16:09Z,239,,,,,
Fix initialize value of wf_simulator in Runtime Manager,2016-04-28T07:44:13Z,240,,,,,
Fix for rosjava installed platform,2016-04-26T01:46:20Z,241,1,questioned,"NOTE: Building some message jar files are still failed, however Autoware build process is successful ant its exit status(`$?`) is zero. I'll tackle with this issue.
",46183.0,46130.0
Fix for rosjava installed platform,2016-04-26T03:15:37Z,241,2,questioned,"> NOTE: Building some message jar files are still failed, however Autoware build process is successful ant its exit status($?) is zero. I'll tackle with this issue.

https://github.com/rosjava/rosjava_mvn_repo/tree/master/org/ros/rosjava_messages

Some rosjava_messages like pcl_ros are not existed in rosjava maven repository so that we cannot fix build error about it. :-(
",46183.0,46130.0
Fix sound_player dependencies,2016-04-22T18:45:03Z,243,1,answered,"yep, this works
",129624.0,115376.0
Fix sound_player dependencies,2016-04-22T22:42:33Z,243,2,questioned,"Thanks for checking.
",129624.0,115376.0
Rewrite points_map_loader,2016-04-20T14:29:49Z,245,,,,,
Update Readme,2016-04-20T12:53:34Z,246,,,,,
Some fix,2016-04-18T09:33:53Z,247,,,,,
"Add vel_pose_mux package , and Change some specifications for it ",2016-04-18T09:00:22Z,248,,,,,
Remove duplicated file,2016-04-18T04:06:24Z,249,,,,,
"Runtime Manager, fix lane_stop dialog button color",2016-04-14T04:26:11Z,250,,,,,
"Runtime Manager, update for immediately reflection of sys CPU setup",2016-04-14T02:45:26Z,251,,,,,
Update manuals,2016-04-14T02:24:30Z,252,,,,,
Color vehicle model,2016-04-11T07:34:10Z,253,,,,,
"Runtime Manager, update for remote rviz",2016-04-11T04:53:22Z,254,,,,,
Update manuals,2016-04-11T04:37:53Z,255,,,,,
"Runtime Manager, update to use gdic(gui: in .yaml) at no param",2016-04-08T06:18:14Z,256,,,,,
"fix save param check, not include sys_prm for check",2016-04-08T06:03:42Z,257,,,,,
"Runtime Manager Setup tab, fix buttons setting",2016-04-06T07:30:35Z,258,,,,,
Import AutowareTouch,2016-04-05T14:20:20Z,259,,,,,
Fix code style,2016-04-05T09:46:18Z,260,,,,,
"fix for float(""123,456""), add str_to_float()",2016-04-04T04:28:32Z,261,1,answered,"```
% env LC_ALL=""de_DE.UTF-8"" rosrun runtime_manager runtime_manager_dialog.py
```

I confirmed autowarefoundation/autoware_ai#810 was fixed with above command.

![float](https://cloud.githubusercontent.com/assets/554281/14238197/d5b8796c-fa68-11e5-9a40-b6d346d7a6a0.png)
",458.0,643.0
Add jsk library,2016-04-03T05:23:09Z,262,1,questioned,"@syohex ,
Could you review my modification?
Thank you for your always help.
",595958.0,170.0
Add jsk library,2016-04-09T16:36:10Z,262,2,questioned,"@syohex ,
Thank you very much for your reviewing.
Your pointing out are always beneficial for me!

I modified suggested points and push them by `git push origin apply_jsk_RVizPlugin --force`.
I'm sorry to bother you, but could you please check my modification again?
Thank you for your help.
",595958.0,170.0
Add jsk library,2016-04-10T02:44:04Z,262,3,answered,"Thanks for fixing. Please merge.
",595958.0,170.0
Add jsk library,2016-04-10T03:15:41Z,262,4,questioned,"@syohex ,
Thank you for your time. I've merged my PR.
",595958.0,170.0
Fix pos_downloader time check.,2016-03-31T23:53:06Z,266,,,,,
Fix bug with new vector map,2016-03-31T07:09:01Z,267,,,,,
Add coding standard in Japanese,2016-03-30T09:31:13Z,268,1,questioned,"Please report me if there are any problems or document which is difficult/impossible to understand.
",5702.0,5772.0
Update videos for planning,2016-03-23T08:18:44Z,269,,,,,
Fix choices in velocity source,2016-03-17T10:19:40Z,270,,,,,
"Runtime Manager, workaround for file save dialog segfault",2016-03-16T03:40:42Z,271,,,,,
Update default.rviz to replace old topics,2016-03-15T08:00:32Z,272,,,,,
Fix lane_select bug.,2016-03-14T12:35:34Z,273,,,,,
Look ahead downloading,2016-03-14T05:41:29Z,274,,,,,
Fix point cloud loading,2016-03-11T05:42:41Z,275,,,,,
Devide waypoint marker topic,2016-03-08T08:36:38Z,276,,,,,
add new model for car,2016-03-07T07:41:54Z,277,1,questioned,"@shinpei0208 暫定のディレクトリ構成ですが、ディレクトリ名や構成はこれで大丈夫でしょうか？
",24977182.0,236.0
add new model for car,2016-12-02T13:43:10Z,277,2,answered,"@amc-nu, can you check this PR?",24977182.0,236.0
add new model for car,2016-12-02T13:50:47Z,277,3,answered,@shinpei0208 Sure!,24977182.0,236.0
add new model for car,2016-12-19T22:56:14Z,277,4,answered,@amc-nu  Could you tell me how is it going?,24977182.0,236.0
add new model for car,2016-12-19T23:03:34Z,277,5,answered,"I'll take care of this from the 27th. Currently I'm outside of Japan. Sorry
Best regardsAbraham






On Mon, Dec 19, 2016 at 4:56 PM -0600, ""Hiroki Ohta"" <notifications@github.com> wrote:












@amc-nu  Could you tell me how is it going?



—
You are receiving this because you were mentioned.
Reply to this email directly, view it on GitHub, or mute the thread.


  
  









",24977182.0,236.0
add new model for car,2016-12-19T23:08:15Z,277,6,answered,@amc-nu I see. Can I close this ? Because I'd like to apply new branch model.,24977182.0,236.0
add new model for car,2016-12-21T09:44:12Z,277,7,answered,@amc-nu I'll close this PR to apply new branch model. Please remake new pull request after done that. ,24977182.0,236.0
Fix update_rate,2016-03-04T03:12:43Z,284,,,,,
Redesign map_downloader dialog,2016-03-03T10:02:46Z,285,1,questioned,"Password はテキストボックスには表示されない。
ただし、現状は User と Password の両方について、以下を注意されたい。
- Runtime Manager が実行されるターミナルソフトに、rosparam set のデバッグ出力として平文で表示される。
- param.yaml に平文で保存される。

![map_downloader_dialog_20160303a](https://cloud.githubusercontent.com/assets/9031008/13490647/3dccf804-e171-11e5-805c-ad70ca8243bd.png)
",65.0,674.0
Add ROS parameters for HTTP server,2016-03-03T09:19:41Z,286,,,,,
Don't require initial position,2016-03-03T09:12:19Z,287,,,,,
Fix GetFile library,2016-03-03T08:55:39Z,288,,,,,
"Runtime Manager, support text control passwd flag",2016-03-03T07:08:42Z,289,1,answered,"Thanks for your support :smile:
",818.0,830.0
Fix rviz remote execution.,2016-03-02T10:58:58Z,290,,,,,
Apply multi camera,2016-03-01T12:55:48Z,291,1,questioned,"@syohex ,
Could you please check this PR?
I'm sorry for many modification in this PR.
I' ll be careful not to send PR like this time from next time.
",2988.0,630.0
Apply multi camera,2016-03-01T13:24:29Z,291,2,answered,"Looks good to me. Please merge.
",2988.0,630.0
Apply multi camera,2016-03-01T13:35:02Z,291,3,questioned,"Thank you very much for your quick reply.
Then I'll merge this PR.
",2988.0,630.0
Add digest access authentication,2016-03-01T06:57:43Z,294,,,,,
Fix CUDA_ERROR_LAUNCH_FAILED error occurred in dpm_ttic,2016-02-24T01:56:29Z,295,,,,,
Fix pure pursuit,2016-02-17T06:34:41Z,296,,,,,
"Runtime Manager, fix dialog showing after closeing by close box",2016-02-16T11:21:12Z,297,,,,,
Add new method for distance calculation of fusion,2016-02-15T02:15:43Z,298,1,questioned,"@syohex ,
Could you please check this PR and merge it if there is no problem?
Thank you very much for your always help. 
",35483.0,183.0
Add new method for distance calculation of fusion,2016-02-15T02:49:36Z,298,2,answered,"この追加した部分は Autowareすべてに見えてしまいますが, それは正しいのでしょうか ? 現状 `lib/fusion`以下からしか使っていませんが, 将来的に使う予定などあるのでしょうか ?

以下の部分を修正して, 本ヘッダファイルは他のパッケージに見せないようにする必要があります.

https://github.com/CPFL/Autoware/blob/mod_ranging/ros/src/computing/perception/detection/lib/fusion/CMakeLists.txt#L32-L35
",35483.0,183.0
Add new method for distance calculation of fusion,2016-02-15T02:51:58Z,298,3,answered,"そもそも classを追加する必要はあるのでしょうか ? 中身を見ると, `std::vector<float>`に対する処理だけのように見えるので関数で十分ではないでしょうか ?  (メソッドからメンバ関数を参照している箇所もない)
",35483.0,183.0
Add new method for distance calculation of fusion,2016-02-15T06:53:16Z,298,4,questioned,"@syohex ,
詳細なご指摘，誠にありがとうございます．
（知らなかったことも多く，とても勉強になります！）

ご指摘いただいた箇所に関して，修正しましたので，お手数ですが，再度レビューを
お願いできますでしょうか？
",35483.0,183.0
Add new method for distance calculation of fusion,2016-02-15T08:23:14Z,298,5,answered,"NOTE: コミットは最終的に squashして整理してください. 一つにまとめる必要はないですが, 後から他人が見た時不要なコミットはないようにしてください.
",35483.0,183.0
Add new method for distance calculation of fusion,2016-02-15T09:21:40Z,298,6,questioned,"> - std::sortは破壊的変更を行うので参照を渡すのは危険です. そもそも参照を渡さないか, コピーして引数を渡した方が良いと思います.
> - 要素が一つの場合, ソートする必要ないので, 空の場合と同様早々と returnした方が良いと思います.

ご指摘いただいた点に関して，修正致しました．

> NOTE: コミットは最終的に squashして整理してください. 一つにまとめる必要はないですが, 後から他人が見た時不要なコミットはないようにしてください

ご教示，ありがとうございます．
今回は，既に以前のコミットをサーバにあげてしまってあるので行っていませんが，以降squashするように気をつけます．

お手数をおかけしますが，再度ご確認頂けますでしょうか？
今後とも，ご指導のほどどうぞよろしくお願い致します．
",35483.0,183.0
Add new method for distance calculation of fusion,2016-02-15T09:47:06Z,298,7,answered,"問題ないと思います. squashしてマージしていただけばよいと思います.
",35483.0,183.0
Add new method for distance calculation of fusion,2016-02-15T10:21:33Z,298,8,questioned,"ご確認ありがとうございました．
既にリモートにPush済みのコミットをsquashして，再度Pushする場合は
git push --force すればよろしいですか？
",35483.0,183.0
Add new method for distance calculation of fusion,2016-02-15T10:26:00Z,298,9,answered,"> 既にリモートにPush済みのコミットをsquashして，再度Pushする場合は
> git push --force すればよろしいですか？

はい, お願いします.
",35483.0,183.0
Add new method for distance calculation of fusion,2016-02-15T10:31:26Z,298,10,questioned,"承知致しました．
ご教示ありがとうございました．
",35483.0,183.0
Follow ROS C++ coding style guide,2016-02-14T05:19:14Z,308,1,questioned,"全員に矯正する良い手段が見つからないので一旦諦めます.
",1216.0,1216.0
Remove garbage file,2016-02-14T02:26:28Z,309,1,questioned,"@yukkysaito Is this really a needless file ?
",787332.0,76.0
Remove garbage file,2016-02-23T04:34:32Z,309,2,answered,"@syohex Yes. I made a mistake... It is a temporary file. 
",787332.0,76.0
Follow ROS C++ coding style guide,2016-02-14T01:55:00Z,311,1,questioned,"There are many conflicts with #234. I'll create PR again and apply clang-format files which are added by #234.
",163784.0,163783.0
Update Setup Tab.,2016-02-11T16:28:43Z,312,,,,,
Add synchronization system for perception,2016-02-12T04:07:59Z,313,1,answered,"Please don't merge master branch except your changes conflict with master branch codes. To merge master branch make us difficult to understand what PR changes/improves like this PR.

(名古屋大学の方全般なのですが)変更がコンフリクトしない限りは, masterをマージする必要はないです. 下手にマージするとコミット履歴がこのようにカオスになるだけです. こうなると本質的な変更がなんなのかが極めて見えづらくなってしまいます.
",151569.0,122067.0
Add synchronization system for perception,2016-02-12T04:40:26Z,313,2,answered,"Please remove `*.orig` files.

*.origファイルが含まれています. 削除してください.
",151569.0,122067.0
Add synchronization system for perception,2016-02-12T06:47:28Z,313,3,questioned,"Thank you for your advice. I'm careful not to do it.
",151569.0,122067.0
Add synchronization system for perception,2016-02-12T06:47:58Z,313,4,questioned,"*.orig files are removed at f8c4fda
",151569.0,122067.0
Add synchronization system for perception,2016-02-12T08:52:25Z,313,5,answered,"マージは自由にしていただいて構わないです.
",151569.0,122067.0
Add synchronization system for perception,2016-02-12T09:17:44Z,313,6,answered,"一般論です(この PRだけを言及するものではないです).

#### Pull Requestの作成
- 必要最小限の変更にする
  - 例えばこの PRは 55ファイルを 52コミットで変更しているが, そこまで必要なのか. (本質的に必要であれば何の問題もない.)
  - (不要である mergeが含まれるため多く見えてしまっている)
  - PRのタイトル以外のことをしていないか.
  - ここまで多いと cherry-pickすることも難しい
  - 多くなる場合は分割できないかの検討. 特に複数のことを実現している場合
- 不要なコミットの削除
  - あとで第三者が `git log`をした場合に有用なもののみ残す
  - 自分のコミットの誤りを修正するコミットは履歴に不要(rebaseで誤り自体をなかったことにする)
  - 誤ってファイルを追加した場合は, 誤ってファイルを追加してしまったこと自体を消す
  - 自分が同一 PR内で追加したバグを修正するバグ等も同様.
",151569.0,122067.0
Add synchronization system for perception,2016-02-12T12:19:28Z,313,7,questioned,"@syohex アドバイスありがとうございます。今後のコミット履歴の事も考え、出来る限り最小限の変更でのコミットにするように注意いたします。
",151569.0,122067.0
Add sleep command to decrease CPU occupancy,2016-02-09T06:24:45Z,320,,,,,
Allow dialog fields to be tagged with [nl],2016-12-20T02:33:52Z,321,1,answered,"Thank you for making PR.
But I think we should specify nl in flags of gui.
So I will close.",27552723.0,27552715.0
Fix pure pursuit,2016-02-03T11:38:58Z,322,,,,,
Update lane_stop,2016-02-02T07:13:44Z,323,,,,,
Correct points2image dependency,2023-09-12T08:54:10Z,324,1,answered,"usb_cam called a 500W pixel camera with a USB interface, tensorrt_yolo subscribe to the topic of usb_cam, the node crashes directly, and the reason for the program crash cannot be found
![微信图片_20230912165343](https://github.com/autowarefoundation/autoware/assets/121431946/ace191da-ff44-4df3-be64-844698364d1d)
",1384.0,240122436.0
Correct map_file dependency about message header,2016-02-01T09:46:11Z,325,,,,,
Output error code,2016-02-01T07:18:15Z,326,,,,,
Correct waypoint_follower dependnecy about message header,2016-02-01T04:21:34Z,327,,,,,
Correct calibration_camera_lidar dependnecy about message header,2016-02-01T03:43:30Z,328,,,,,
Correct vehicle_socket dependnecy about message header,2016-02-01T02:32:24Z,329,,,,,
Improve ndt_mapping.,2016-01-30T17:51:19Z,330,,,,,
Correct runtime_manager dependencies,2016-01-29T11:41:25Z,331,,,,,
Refactoring build process,2016-01-29T08:27:09Z,332,,,,,
"Runtime Manager, modify window title",2016-01-28T09:06:20Z,333,,,,,
Correct dependency name,2016-01-26T08:59:44Z,334,,,,,
Send shutdown signal to process manager on exit,2016-01-26T05:07:34Z,335,,,,,
Return error value at unknown operation key receieved,2016-01-26T04:13:08Z,336,,,,,
Add linear interpolate mode Switch,2016-01-22T12:46:05Z,337,,,,,
"Runtime Manager, fix func overwrite at dialog close",2016-01-22T08:17:29Z,338,,,,,
"Runtime Manager Computing tab, fix obj_reproj, obj_fusion launch",2016-01-22T06:55:00Z,339,,,,,
Fix dependency,2016-01-21T14:06:21Z,340,,,,,
Fixed newer CMake issue,2016-01-20T11:47:45Z,341,,,,,
update default.rviz,2016-01-19T09:24:05Z,342,,,,,
Bug fix about 'calcTwist',2016-01-19T09:18:08Z,343,,,,,
Add direction parameter,2016-01-19T06:38:34Z,344,,,,,
Fix requirement,2016-01-19T05:48:35Z,345,,,,,
Improve accuracy of obj_reproj,2016-01-19T05:37:41Z,346,1,questioned,"Please let me know if there is a problem by this PR merge.
",115.0,104.0
Fix ranging,2016-01-18T17:28:52Z,347,1,questioned,"@syohex ,
Could you please review this PR and merge it to master if there seems to be no problem?
Thank you very much for your always help.
",39803.0,92.0
Fix ranging,2016-01-19T03:44:22Z,347,2,questioned,"@syohex 
Thank you very much for pointing out and kind explanation.
I modified the places you pointed out.
Could you please check again?
",39803.0,92.0
Fix pos_uploader's msec bug.,2016-01-17T12:19:47Z,349,1,answered,"ありがとうございます。MLにも流してくださいー
2016/01/17 21:13 ""USUDA Hisashi"" notifications@github.com:

> Merged #204 https://github.com/CPFL/Autoware/pull/204.
> 
> —
> Reply to this email directly or view it on GitHub
> https://github.com/CPFL/Autoware/pull/204#event-517229798.
",32.0,393.0
Eigen3 with Fallback on ros-catkin-modules,2016-01-20T09:41:54Z,350,1,answered,"Why did you think that fallback is necessary ?

We can install eigen3 packages via `apt-get install`. And `ros-indigo-desktop-full` package contains eigen3 packages.
",337280.0,329359.0
Eigen3 with Fallback on ros-catkin-modules,2016-01-20T10:03:21Z,350,2,questioned,"With newer version of CMake it cannot find Eigen3 even when it is
installed. I faced it and found this to the best workaround from ROS and
PCL issue log. I think the fallback(only if invoked when primary method
fails to find Eigen3) has dependency on ros-indigo-camke-modules
On Jan 20, 2016 3:11 PM, ""Syohei YOSHIDA"" notifications@github.com wrote:

> Why did you think that fallback is necessary ?
> 
> We can install eigen3 packages via apt-get install. And
> ros-indigo-desktop-full package contains eigen3 packages.
> 
> —
> Reply to this email directly or view it on GitHub
> https://github.com/CPFL/Autoware/pull/203#issuecomment-173146339.
",337280.0,329359.0
Eigen3 with Fallback on ros-catkin-modules,2016-01-20T10:12:25Z,350,3,answered,"Which CMake version did you use ?
",337280.0,329359.0
Eigen3 with Fallback on ros-catkin-modules,2016-01-20T10:18:46Z,350,4,questioned,"I think 3.2, sorry on mobile now can't check. But you can see in CMake
github repository, modules folder, FindEigen is missing.
https://github.com/Kitware/CMake/tree/master/Modules
On Jan 20, 2016 3:42 PM, ""Syohei YOSHIDA"" notifications@github.com wrote:

> Which CMake version did you use ?
> 
> —
> Reply to this email directly or view it on GitHub
> https://github.com/CPFL/Autoware/pull/203#issuecomment-173156943.
",337280.0,329359.0
Eigen3 with Fallback on ros-catkin-modules,2016-01-20T10:20:07Z,350,5,answered,"Thanks for information. I'll test.
",337280.0,329359.0
Eigen3 with Fallback on ros-catkin-modules,2016-01-20T10:22:21Z,350,6,questioned,"Also I did aime major restructuring by seperating packages and msgs as
there are cyclic dependencies and causing problem with modern catkin tools.
Didn't generate pull request though, I would if I fail to find any other
better way, for now using legacy catkin_make for testing.
On Jan 20, 2016 3:48 PM, ""Jit Ray Chowdhury"" jit.ray.c@gmail.com wrote:

> I think 3.2, sorry on mobile now can't check. But you can see in CMake
> github repository, modules folder, FindEigen is missing.
> https://github.com/Kitware/CMake/tree/master/Modules
> On Jan 20, 2016 3:42 PM, ""Syohei YOSHIDA"" notifications@github.com
> wrote:
> 
> > Which CMake version did you use ?
> > 
> > —
> > Reply to this email directly or view it on GitHub
> > https://github.com/CPFL/Autoware/pull/203#issuecomment-173156943.
",337280.0,329359.0
Eigen3 with Fallback on ros-catkin-modules,2016-01-20T11:22:46Z,350,7,answered,"I confirmed this issue is reproducible with CMake3.2.

> Also I did aime major restructuring by seperating packages and msgs as there are cyclic dependencies and causing problem with modern catkin tools. Didn't generate pull request though, I would if I fail to find any other better way, for now using legacy catkin_make for testing.

Ah, we should fix cyclic dependencies.
",337280.0,329359.0
Eigen3 with Fallback on ros-catkin-modules,2016-01-20T11:53:55Z,350,8,answered,"Thanks for PR. I cherry-picked your commits and merged at #211. :+1:
",337280.0,329359.0
Publish obj label by marker,2016-01-15T16:27:48Z,358,,,,,
Fix motion planner,2016-01-15T06:09:29Z,359,,,,,
Query password by gksu,2016-01-14T11:26:22Z,360,1,questioned,"Autoware users must install `gksu` package for using this feature.

``` bash
% sudo apt-get install gksu
```
",59791.0,2558.0
Query password by gksu,2016-01-14T11:30:44Z,360,2,answered,"GNOME端末経由で実行する、という方法ならgksuパッケージは不要ですが、
gksuの方がきれいだと思います。
",59791.0,2558.0
Query password by gksu,2016-01-14T11:33:07Z,360,3,questioned,"#### Demo

![run-script](https://cloud.githubusercontent.com/assets/554281/12323364/f3698618-bafd-11e5-8f18-28f2abbaf3ee.gif)
",59791.0,2558.0
Query password by gksu,2016-01-14T11:43:15Z,360,4,answered,"Runtime Managerとroscoreを終了しても、proc_managerが残っているようにみえます。
勘違いだったらすみません。
",59791.0,2558.0
Query password by gksu,2016-01-14T11:50:56Z,360,5,questioned,"> Runtime Managerとroscoreを終了しても、proc_managerが残っているようにみえます。
> 勘違いだったらすみません。

現在対応を検討中です. とりあえず起動時に同名プロセスは全部 killするようにはしています.
`run`と同ディレクトリにある `cleanup`スクリプトでも同様のことができます.
(runtime managerの終了時に killさせようにも rootとして動いているので, そこでまたパスワード入力が必要になるなど単純にはいかないところがあります. いい方法がないか検討します.)
",59791.0,2558.0
Query password by gksu,2016-01-15T03:20:42Z,360,6,questioned,"Please report me if you have any problems about this change.
",59791.0,2558.0
"Runtime Manager, increased frame height for Map tab viewing",2016-01-14T09:12:04Z,366,,,,,
Query password by zenity,2016-01-14T08:28:32Z,367,1,questioned,"This is very dangerous. Because other people who logs in same machine can steal other user login password by watching process which sends password to `sudo` process.
",891.0,891.0
"Runtime Manager, from Rviz to RViz",2016-01-14T05:24:53Z,368,,,,,
"Runtime Manager Simulation tab, delete Clock, Sim Time checkbox",2016-01-14T04:25:18Z,369,,,,,
Fix typo,2016-01-09T05:20:55Z,370,,,,,
Enabling bayer,2016-01-06T15:18:45Z,371,1,questioned,"@syohex ,
Could you please check and merge this PR if there seems to be no problem?
Thank you very much for always helping us.
",34895.0,274.0
Enabling bayer,2016-01-07T02:26:37Z,371,2,questioned,"Thank you for merging!
",34895.0,274.0
Update AutowareRoute,2016-01-06T10:12:54Z,373,,,,,
