consumer,contributor,consumption,contributor_affiliation,consumer_affiliation
mitsudome-r,maxime-clem,1,tier4,tier4
mitsudome-r,xczhanjun,1,baidu usa,tier4
mitsudome-r,xmfcx,7,leodrive,tier4
mitsudome-r,meliketanrikulu,1,leodrive,tier4
mitsudome-r,kminoda,1,tier4,tier4
mitsudome-r,armaganarsln,1,wg-leads,tier4
mitsudome-r,Sharrrrk,3,autocore,tier4
mitsudome-r,Sharrrrk,3,maintainers,tier4
mitsudome-r,brkay54,1,leodrive,tier4
mitsudome-r,kenji-miyake,3,tier4,tier4
mitsudome-r,sglee-morai,1,MORAI,tier4
mitsudome-r,samehmohamed88,1,Motional,tier4
mitsudome-r,YamatoAndo,1,tier4,tier4
mitsudome-r,Hyeongseok-Jeon,1,wg-leads,tier4
mitsudome-r,yukkysaito,1,tier4,tier4
mitsudome-r,LiangHuangBC,1,,tier4
mitsudome-r,TakaHoribe,2,tier4,tier4
mitsudome-r,alexandrx,1,nagoya,tier4
mitsudome-r,hueirutseng,2,itri,tier4
mitsudome-r,YoshinoriTsutake,1,tier4,tier4
mitsudome-r,ahuazuipiaoliang,1,pixmoving,tier4
maxime-clem,mitsudome-r,1,tier4,tier4
maxime-clem,xmfcx,2,leodrive,tier4
maxime-clem,WJaworskiRobotec,1,wg-leads,tier4
maxime-clem,WJaworskiRobotec,1,robotec,tier4
maxime-clem,brkay54,3,leodrive,tier4
maxime-clem,angry-crab,1,tier4,tier4
maxime-clem,doganulus,1,Boğaziçi University @bouncmpe,tier4
maxime-clem,HuaweiAlgolux,1,Huawei,tier4
maxime-clem,tleyden,1,Indie Hacker (formerly Databricks),tier4
maxime-clem,yukkysaito,1,tier4,tier4
maxime-clem,satoshi-ota,1,tier4,tier4
maxime-clem,ahmeddesokyebrahim,1,leodrive,tier4
maxime-clem,TakaHoribe,3,tier4,tier4
maxime-clem,taikitanaka3,1,tier4,tier4
maxime-clem,JWhitleyWork,1,,tier4
maxime-clem,boyali,1,tier4,tier4
maxime-clem,zulfaqar-azmi-t4,2,tier4,tier4
xczhanjun,mitsudome-r,1,tier4,baidu usa
xczhanjun,kenji-miyake,1,tier4,baidu usa
isamu-takagi,mitsudome-r,1,tier4,tier4
isamu-takagi,maxime-clem,1,tier4,tier4
isamu-takagi,xmfcx,5,leodrive,tier4
isamu-takagi,kenji-miyake,3,tier4,tier4
isamu-takagi,angry-crab,1,tier4,tier4
isamu-takagi,evshary,2,adlink,tier4
isamu-takagi,yukkysaito,1,tier4,tier4
isamu-takagi,taikitanaka3,1,tier4,tier4
BonoloAWF,mitsudome-r,11,tier4,awf
BonoloAWF,maxime-clem,3,tier4,awf
BonoloAWF,xmfcx,14,leodrive,awf
BonoloAWF,ambroise-arm,1,arm,awf
BonoloAWF,esteve,1,tier4,awf
BonoloAWF,armaganarsln,2,wg-leads,awf
BonoloAWF,Sharrrrk,1,autocore,awf
BonoloAWF,Sharrrrk,1,maintainers,awf
BonoloAWF,kenji-miyake,2,tier4,awf
BonoloAWF,angry-crab,1,tier4,awf
BonoloAWF,hatem-darweesh,1,Nagoya University,awf
BonoloAWF,mehmetdogru,1,leodrive,awf
BonoloAWF,Zeysthingz,2,leodrive,awf
BonoloAWF,hueirutseng,9,itri,awf
BonoloAWF,phkarle,2,tum,awf
BonoloAWF,MertClk,9,leodrive,awf
BonoloAWF,liuXinGangChina,3,autocore,awf
BonoloAWF,guankou,1,,awf
BonoloAWF,samet-kutuk,1,wg-leads,awf
Igata-ctrl,mitsudome-r,1,tier4,tier4
Igata-ctrl,mitsudome-r,1,tier4,wg-leads
Igata-ctrl,fengziHK,1,,tier4
Igata-ctrl,fengziHK,1,,wg-leads
xmfcx,mitsudome-r,9,tier4,leodrive
xmfcx,maxime-clem,1,tier4,leodrive
xmfcx,isamu-takagi,5,tier4,leodrive
xmfcx,ambroise-arm,2,arm,leodrive
xmfcx,esteve,2,tier4,leodrive
xmfcx,armaganarsln,1,wg-leads,leodrive
xmfcx,takayuki5168,1,tier4,leodrive
xmfcx,brkay54,1,leodrive,leodrive
xmfcx,kenji-miyake,5,tier4,leodrive
xmfcx,VRichardJP,3,macnica,leodrive
xmfcx,takam5f2,1,tier4,leodrive
xmfcx,mehmetdogru,3,leodrive,leodrive
xmfcx,doganulus,1,Boğaziçi University @bouncmpe,leodrive
xmfcx,kaspermeck-arm,2,wg-leads,leodrive
xmfcx,kaspermeck-arm,2,arm,leodrive
xmfcx,ralwing,2,Autonomous Systems,leodrive
xmfcx,yukkysaito,6,tier4,leodrive
xmfcx,cyn-liu,1,autocore,leodrive
xmfcx,kaancolak,1,leodrive,leodrive
xmfcx,ahmeddesokyebrahim,1,leodrive,leodrive
xmfcx,TakaHoribe,2,tier4,leodrive
xmfcx,chishengshih,1,wg-leads,leodrive
xmfcx,Autostone-c,1,,leodrive
xmfcx,oguzkaganozt,1,wg-leads,leodrive
xmfcx,oguzkaganozt,1,leodrive,leodrive
xmfcx,JWhitleyWork,1,,leodrive
xmfcx,piotr-zyskowski-rai,2,robotec,leodrive
xmfcx,aohsato,1,tier4,leodrive
xmfcx,miursh,2,tier4,leodrive
xmfcx,liuXinGangChina,2,autocore,leodrive
xmfcx,Tom-Li-Lee,1,autocore,leodrive
xmfcx,sezan92,1,LegalOn Technologies,leodrive
xmfcx,idorobotics,1,awf,leodrive
LLplane,kenji-miyake,1,tier4,
LLplane,kosuke55,1,tier4,
h-ohta,kenji-miyake,1,tier4,tier4
meliketanrikulu,mitsudome-r,4,tier4,leodrive
meliketanrikulu,xmfcx,2,leodrive,leodrive
meliketanrikulu,kminoda,3,tier4,leodrive
meliketanrikulu,kenji-miyake,2,tier4,leodrive
meliketanrikulu,YamatoAndo,4,tier4,leodrive
meliketanrikulu,rsasaki0109,1,map4,leodrive
meliketanrikulu,yukkysaito,1,tier4,leodrive
meliketanrikulu,TakaHoribe,1,tier4,leodrive
jason914,mitsudome-r,2,tier4,itri
jason914,esteve,1,tier4,itri
jason914,Sharrrrk,1,autocore,itri
jason914,Sharrrrk,1,maintainers,itri
jason914,kenji-miyake,2,tier4,itri
jason914,raminterpl,1,interplai.ai,itri
jason914,evshary,1,adlink,itri
jason914,kaancolak,1,leodrive,itri
jason914,major2012ye,1,,itri
jason914,liuXinGangChina,1,autocore,itri
WJaworskiRobotec,Igata-ctrl,1,tier4,wg-leads
WJaworskiRobotec,Igata-ctrl,1,tier4,robotec
WJaworskiRobotec,Igata-ctrl,1,wg-leads,wg-leads
WJaworskiRobotec,Igata-ctrl,1,wg-leads,robotec
WJaworskiRobotec,brkay54,1,leodrive,wg-leads
WJaworskiRobotec,brkay54,1,leodrive,robotec
WJaworskiRobotec,sglee-morai,1,MORAI,wg-leads
WJaworskiRobotec,sglee-morai,1,MORAI,robotec
WJaworskiRobotec,doganulus,1,Boğaziçi University @bouncmpe,wg-leads
WJaworskiRobotec,doganulus,1,Boğaziçi University @bouncmpe,robotec
WJaworskiRobotec,ralwing,1,Autonomous Systems,wg-leads
WJaworskiRobotec,ralwing,1,Autonomous Systems,robotec
WJaworskiRobotec,Hyeongseok-Jeon,1,wg-leads,wg-leads
WJaworskiRobotec,Hyeongseok-Jeon,1,wg-leads,robotec
JokerWhy233,kenji-miyake,1,tier4,
JokerWhy233,TakaHoribe,1,tier4,
ambroise-arm,xmfcx,2,leodrive,arm
ambroise-arm,esteve,1,tier4,arm
ambroise-arm,kenji-miyake,1,tier4,arm
ambroise-arm,JWhitleyWork,1,,arm
ambroise-arm,LucaFos,1,arm,arm
HaoruXue,mitsudome-r,1,tier4,awf
HaoruXue,xmfcx,1,leodrive,awf
HaoruXue,shmpwk,1,tier4,awf
HaoruXue,kenji-miyake,1,tier4,awf
HaoruXue,angry-crab,1,tier4,awf
shmpwk,mitsudome-r,2,tier4,tier4
shmpwk,maxime-clem,2,tier4,tier4
shmpwk,kminoda,1,tier4,tier4
shmpwk,takayuki5168,1,tier4,tier4
shmpwk,kenji-miyake,3,tier4,tier4
shmpwk,angry-crab,1,tier4,tier4
shmpwk,yukkysaito,1,tier4,tier4
shmpwk,TZECHIN6,1,,tier4
shmpwk,drwnz,1,tier4,tier4
shmpwk,YoshinoriTsutake,1,tier4,tier4
shmpwk,emi0116,1,,tier4
PengfeiLin0609,kenji-miyake,1,tier4,Tsukada Lab
soblin,g-ise,2,tier4,tier4
soblin,shmpwk,2,tier4,tier4
soblin,Sharrrrk,1,autocore,tier4
soblin,Sharrrrk,1,maintainers,tier4
soblin,takayuki5168,3,tier4,tier4
soblin,TakaHoribe,3,tier4,tier4
soblin,taikitanaka3,1,tier4,tier4
soblin,HiroIshida,1,"PhD student, JSK lab, U. of Tokyo",tier4
sevocrear,aohsato,1,tier4,Innopolis University�
sevocrear,yabuta,1,tier4,Innopolis University�
IshitaTakeshi,maxime-clem,1,tier4,tier4
IshitaTakeshi,kminoda,2,tier4,tier4
IshitaTakeshi,kenji-miyake,6,tier4,tier4
IshitaTakeshi,YamatoAndo,1,tier4,tier4
IshitaTakeshi,yukkysaito,1,tier4,tier4
esteve,mitsudome-r,1,tier4,tier4
esteve,xmfcx,1,leodrive,tier4
esteve,kaspermeck-arm,1,wg-leads,tier4
esteve,kaspermeck-arm,1,arm,tier4
esteve,evshary,1,adlink,tier4
kminoda,mitsudome-r,1,tier4,tier4
kminoda,maxime-clem,1,tier4,tier4
kminoda,xmfcx,1,leodrive,tier4
kminoda,shmpwk,3,tier4,tier4
kminoda,armaganarsln,1,wg-leads,tier4
kminoda,takayuki5168,2,tier4,tier4
kminoda,kenji-miyake,6,tier4,tier4
kminoda,RyuYamamoto,1,tier4,tier4
kminoda,VRichardJP,1,macnica,tier4
kminoda,YamatoAndo,1,tier4,tier4
kminoda,lhakim85,1,,tier4
kminoda,yukkysaito,3,tier4,tier4
kminoda,sykwer,1,tier4,tier4
kminoda,mayacarla2070,1,,tier4
kminoda,ataparlar,1,leodrive,tier4
kminoda,badai-nguyen,1,tier4,tier4
kminoda,aohsato,1,tier4,tier4
kminoda,rej55,1,tier4,tier4
kminoda,JessicaTegner,1,@uber,tier4
kminoda,sayondeep,1,IIT Hyderabad,tier4
kminoda,simon-t4,1,tier4,tier4
kminoda,Shin-kyoto,1,tier4,tier4
kminoda,TUMGEKA,1,TUM,tier4
scepter914,xmfcx,2,leodrive,tier4
scepter914,storrrrrrrrm,1,autocore,tier4
scepter914,plane-li,2,autocore,tier4
scepter914,yukkysaito,1,tier4,tier4
scepter914,mschratter,1,,tier4
scepter914,FranzAlbers,1,@rst-tu-dortmund,tier4
scepter914,cycyc1949,1,jdlogistics,tier4
Denri006,maxime-clem,1,tier4,"University of California, Riverside"
Denri006,kenji-miyake,1,tier4,"University of California, Riverside"
Denri006,NorahXiong,1,autocore,"University of California, Riverside"
Denri006,TakaHoribe,1,tier4,"University of California, Riverside"
armaganarsln,mitsudome-r,2,tier4,wg-leads
armaganarsln,kaspermeck-arm,2,wg-leads,wg-leads
armaganarsln,kaspermeck-arm,2,arm,wg-leads
Sharrrrk,BonoloAWF,1,awf,autocore
Sharrrrk,BonoloAWF,1,awf,maintainers
Sharrrrk,kenji-miyake,1,tier4,autocore
Sharrrrk,kenji-miyake,1,tier4,maintainers
Sharrrrk,drwnz,1,tier4,autocore
Sharrrrk,drwnz,1,tier4,maintainers
Sharrrrk,aohsato,1,tier4,autocore
Sharrrrk,aohsato,1,tier4,maintainers
crazydude123,Sharrrrk,1,autocore,
crazydude123,Sharrrrk,1,maintainers,
crazydude123,kenji-miyake,1,tier4,
crazydude123,Croquembouche,1,wsu,
crazydude123,evshary,1,adlink,
crazydude123,yuasabe,1,tier4,
storrrrrrrrm,maxime-clem,1,tier4,autocore
storrrrrrrrm,isamu-takagi,1,tier4,autocore
storrrrrrrrm,Sharrrrk,1,autocore,autocore
storrrrrrrrm,Sharrrrk,1,maintainers,autocore
storrrrrrrrm,kenji-miyake,1,tier4,autocore
storrrrrrrrm,yukkysaito,1,tier4,autocore
storrrrrrrrm,yukke42,1,tier4,autocore
takayuki5168,xmfcx,1,leodrive,tier4
takayuki5168,kenji-miyake,1,tier4,tier4
takayuki5168,mehmetdogru,1,leodrive,tier4
takayuki5168,satoshi-ota,1,tier4,tier4
takayuki5168,ismetatabay,1,leodrive,tier4
takayuki5168,TakaHoribe,1,tier4,tier4
Mud-B,mitsudome-r,1,tier4,
Mud-B,Sharrrrk,1,autocore,
Mud-B,Sharrrrk,1,maintainers,
Mud-B,kenji-miyake,1,tier4,
ajay1606,mitsudome-r,1,tier4,
ajay1606,kminoda,1,tier4,
ajay1606,Sharrrrk,1,autocore,
ajay1606,Sharrrrk,1,maintainers,
ajay1606,storrrrrrrrm,1,autocore,
ajay1606,YamatoAndo,1,tier4,
ajay1606,nainaigetuide,1,,
ajay1606,hect95,1,University of Birmingham,
amtommy,mitsudome-r,1,tier4,
amtommy,xmfcx,1,leodrive,
amtommy,shmpwk,1,tier4,
amtommy,storrrrrrrrm,1,autocore,
mojomex,shmpwk,1,tier4,tier4
mojomex,akorb,1,Technical University of Munich,tier4
mojomex,paolacanuto,1,,tier4
brkay54,xmfcx,1,leodrive,leodrive
brkay54,takayuki5168,3,tier4,leodrive
brkay54,kenji-miyake,4,tier4,leodrive
brkay54,VRichardJP,1,macnica,leodrive
brkay54,mehmetdogru,2,leodrive,leodrive
brkay54,doganulus,1,Boğaziçi University @bouncmpe,leodrive
brkay54,yukkysaito,2,tier4,leodrive
brkay54,nainaigetuide,1,,leodrive
brkay54,TakaHoribe,3,tier4,leodrive
kenji-miyake,mitsudome-r,1,tier4,tier4
kenji-miyake,kminoda,1,tier4,tier4
kenji-miyake,nabetetsu,1,tier4,tier4
kenji-miyake,lntsh854,1,CRRC,tier4
chris-interplai,Sharrrrk,1,autocore,Interpl.ai
chris-interplai,Sharrrrk,1,maintainers,Interpl.ai
chris-interplai,kenji-miyake,1,tier4,Interpl.ai
brian841102,maxime-clem,2,tier4,itri
brian841102,shmpwk,1,tier4,itri
brian841102,takayuki5168,1,tier4,itri
brian841102,kenji-miyake,1,tier4,itri
brian841102,VRichardJP,1,macnica,itri
08beeqtufail-sudo,TakaHoribe,1,tier4,
anushamandalapu-tomtom,mitsudome-r,1,tier4,TOMTOM
RyuYamamoto,kminoda,1,tier4,tier4
RyuYamamoto,kenji-miyake,1,tier4,tier4
RyuYamamoto,TakaHoribe,1,tier4,tier4
samehmohamed88,xmfcx,1,leodrive,Motional
samehmohamed88,angry-crab,1,tier4,Motional
samehmohamed88,yukkysaito,1,tier4,Motional
raminterpl,mitsudome-r,1,tier4,interplai.ai
raminterpl,BonoloAWF,1,awf,interplai.ai
raminterpl,doganulus,1,Boğaziçi University @bouncmpe,interplai.ai
raminterpl,TakaHoribe,1,tier4,interplai.ai
FabioSpano,Danior2235,1,,
HamburgDave,Igata-ctrl,1,tier4,wg-leads
HamburgDave,Igata-ctrl,1,wg-leads,wg-leads
HamburgDave,evshary,1,adlink,wg-leads
HamburgDave,lexavtanke,1,leodrive,wg-leads
HamburgDave,yuntianyi-chen,1,"University of California, Irvine",wg-leads
VRichardJP,mitsudome-r,2,tier4,macnica
VRichardJP,xmfcx,1,leodrive,macnica
VRichardJP,kminoda,2,tier4,macnica
VRichardJP,takayuki5168,1,tier4,macnica
VRichardJP,kenji-miyake,4,tier4,macnica
VRichardJP,takam5f2,1,tier4,macnica
VRichardJP,doganulus,1,Boğaziçi University @bouncmpe,macnica
VRichardJP,yukkysaito,5,tier4,macnica
VRichardJP,nainaigetuide,1,,macnica
VRichardJP,TakaHoribe,1,tier4,macnica
VRichardJP,taikitanaka3,1,tier4,macnica
VRichardJP,miursh,2,tier4,macnica
mimimidododo,angry-crab,1,tier4,
NorahXiong,mitsudome-r,1,tier4,autocore
NorahXiong,takayuki5168,1,tier4,autocore
NorahXiong,kenji-miyake,1,tier4,autocore
NorahXiong,satoshi-ota,2,tier4,autocore
angry-crab,esteve,1,tier4,tier4
angry-crab,kenji-miyake,1,tier4,tier4
angry-crab,YamatoAndo,2,tier4,tier4
angry-crab,gayar-helm,1,Helm.ai,tier4
mertyavuz41,mitsudome-r,1,tier4,adastec
mertyavuz41,meliketanrikulu,1,leodrive,adastec
mertyavuz41,kminoda,1,tier4,adastec
mertyavuz41,takayuki5168,1,tier4,adastec
mertyavuz41,YamatoAndo,2,tier4,adastec
mertyavuz41,rsasaki0109,1,map4,adastec
mertyavuz41,Tanishq30052002,1,IIT(ISM) Dhanbad,adastec
YamatoAndo,IshitaTakeshi,1,tier4,tier4
YamatoAndo,kminoda,2,tier4,tier4
YamatoAndo,angry-crab,2,tier4,tier4
YamatoAndo,yukkysaito,1,tier4,tier4
YamatoAndo,miursh,1,tier4,tier4
YamatoAndo,kfunaoka,1,tier4,tier4
hatem-darweesh,mitsudome-r,1,tier4,Nagoya University
hatem-darweesh,ralwing,1,Autonomous Systems,Nagoya University
hatem-darweesh,gaokao123,1,,Nagoya University
hatem-darweesh,HyunkiKim0407,1,,Nagoya University
hatem-darweesh,Kim-mins,1,Korea University,Nagoya University
hatem-darweesh,Autostone-c,1,,Nagoya University
hatem-darweesh,yuasabe,1,tier4,Nagoya University
hatem-darweesh,J-xinyu,1,thu,Nagoya University
hatem-darweesh,sayondeep,1,IIT Hyderabad,Nagoya University
hatem-darweesh,liuypcoding,1,,Nagoya University
hatem-darweesh,lsteinosk,1,,Nagoya University
hatem-darweesh,ashishrrs,1,,Nagoya University
hatem-darweesh,HarryMechatron,1,,Nagoya University
plane-li,yukkysaito,1,tier4,autocore
plane-li,aohsato,1,tier4,autocore
plane-li,miursh,1,tier4,autocore
koraykoca,shmpwk,1,tier4,BMW Group
koraykoca,kminoda,1,tier4,BMW Group
koraykoca,brkay54,1,leodrive,BMW Group
koraykoca,kenji-miyake,1,tier4,BMW Group
CagriCatik,mitsudome-r,1,tier4,
CagriCatik,zulfaqar-azmi-t4,1,tier4,
mehmetdogru,mitsudome-r,2,tier4,leodrive
mehmetdogru,maxime-clem,2,tier4,leodrive
mehmetdogru,BonoloAWF,2,awf,leodrive
mehmetdogru,Igata-ctrl,1,tier4,leodrive
mehmetdogru,Igata-ctrl,1,wg-leads,leodrive
mehmetdogru,xmfcx,2,leodrive,leodrive
mehmetdogru,takayuki5168,2,tier4,leodrive
mehmetdogru,brkay54,2,leodrive,leodrive
mehmetdogru,brian841102,1,itri,leodrive
mehmetdogru,VRichardJP,1,macnica,leodrive
mehmetdogru,yukkysaito,1,tier4,leodrive
mehmetdogru,kosuke55,1,tier4,leodrive
mehmetdogru,satoshi-ota,2,tier4,leodrive
mehmetdogru,ahmeddesokyebrahim,4,leodrive,leodrive
mehmetdogru,TakaHoribe,4,tier4,leodrive
mehmetdogru,chishengshih,1,wg-leads,leodrive
mehmetdogru,taikitanaka3,1,tier4,leodrive
mehmetdogru,JToolGD,1,,leodrive
mehmetdogru,villaoningfootball,1,,leodrive
mehmetdogru,kyoichi-sugahara,1,tier4,leodrive
mehmetdogru,BritvaBo,1,,leodrive
TomoyukiaW,taikitanaka3,1,tier4,MACNICA
Zeysthingz,mitsudome-r,1,tier4,leodrive
Zeysthingz,mehmetdogru,1,leodrive,leodrive
Zeysthingz,kaancolak,1,leodrive,leodrive
Zeysthingz,cycyc1949,1,jdlogistics,leodrive
Zeysthingz,yukke42,1,tier4,leodrive
Zeysthingz,miursh,1,tier4,leodrive
Zeysthingz,wep21,1,tier4,leodrive
Zeysthingz,wbq0206,1,jdlogistics,leodrive
Zeysthingz,YoshiRi,1,tier4,leodrive
bariskapaligoz,mitsudome-r,1,tier4,adastec
bariskapaligoz,mertyavuz41,1,adastec,adastec
bariskapaligoz,wangxianggang1997,1,,adastec
bariskapaligoz,miursh,1,tier4,adastec
QZJGeorge,kenji-miyake,1,tier4,awf
QZJGeorge,sisaha9,1,,awf
QZJGeorge,J-xinyu,1,thu,awf
QZJGeorge,lntsh854,1,CRRC,awf
QZJGeorge,jacksilb,1,wg-leads,awf
kielczykowski-rai,maxime-clem,1,tier4,robotec
MichaelShen97,kenji-miyake,1,tier4,
QipiaoZhou,takayuki5168,1,tier4,
QipiaoZhou,aohsato,1,tier4,
jihwankimqd,mitsudome-r,1,tier4,
JordanCrawfordx,mitsudome-r,1,tier4,
JordanCrawfordx,shmpwk,2,tier4,
deansaco,scepter914,1,tier4,
deansaco,takayuki5168,1,tier4,
deansaco,aohsato,1,tier4,
MrOCW,mitsudome-r,1,tier4,
MrOCW,maxime-clem,5,tier4,
MrOCW,shmpwk,2,tier4,
MrOCW,takayuki5168,10,tier4,
MrOCW,brkay54,1,leodrive,
MrOCW,YamatoAndo,1,tier4,
MrOCW,lhakim85,1,,
MrOCW,rsasaki0109,1,map4,
MrOCW,kosuke55,2,tier4,
MrOCW,PaGu3,1,,
MrOCW,satoshi-ota,4,tier4,
MrOCW,zillur-av,1,"University of Nevada, Las Vegas",
MrOCW,hzkkk1997,1,,
MrOCW,okataka123,1,,
MrOCW,yukke42,2,tier4,
MrOCW,miursh,1,tier4,
MrOCW,zulfaqar-azmi-t4,3,tier4,
MrOCW,wep21,1,tier4,
MrOCW,domajstorovic,1,Technical University of Munich,
MrOCW,manato,1,tier4,
MrOCW,kyoichi-sugahara,1,tier4,
MrOCW,wbq0206,1,jdlogistics,
EcotronCorp,mitsudome-r,1,tier4,
EcotronCorp,shmpwk,1,tier4,
EcotronCorp,takayuki5168,3,tier4,
EcotronCorp,gurselturkeri,1,Gaziantep University,
EcotronCorp,satoshi-ota,1,tier4,
EcotronCorp,zulfaqar-azmi-t4,1,tier4,
EcotronCorp,Madhuvd,1,,
knzo25,armaganarsln,1,wg-leads,tier4
nabetetsu,xmfcx,1,leodrive,tier4
nabetetsu,kenji-miyake,1,tier4,tier4
nabetetsu,takam5f2,1,tier4,tier4
NilaySener,hasanzfdn,1,Yildiz Technical University,leodrive
NilaySener,greensky0802,1,jdlogistics,leodrive
gayar-helm,kminoda,1,tier4,Helm.ai
gayar-helm,angry-crab,1,tier4,Helm.ai
twbabyduck,YamatoAndo,1,tier4,
twbabyduck,lhakim85,1,,
twbabyduck,yukkysaito,1,tier4,
twbabyduck,aohsato,1,tier4,
twbabyduck,yukke42,1,tier4,
twbabyduck,YueChuCheng,1,National Taiwan University,
SyahirMuzni,liuXinGangChina,1,autocore,
kasper-helm,maxime-clem,1,tier4,Helm.ai
kasper-helm,kminoda,1,tier4,Helm.ai
kasper-helm,whbcumtb,1,jdlogistics,Helm.ai
kasper-helm,cycyc1949,1,jdlogistics,Helm.ai
kasper-helm,mgarnett21,1,,Helm.ai
youxiho1,WJaworskiRobotec,1,wg-leads,Nankai University
youxiho1,WJaworskiRobotec,1,robotec,Nankai University
youxiho1,kosuke55,1,tier4,Nankai University
youxiho1,whbcumtb,1,jdlogistics,Nankai University
youxiho1,YoshinoriTsutake,1,tier4,Nankai University
kaspermeck-arm,mitsudome-r,2,tier4,wg-leads
kaspermeck-arm,mitsudome-r,2,tier4,arm
kaspermeck-arm,maxime-clem,1,tier4,wg-leads
kaspermeck-arm,maxime-clem,1,tier4,arm
kaspermeck-arm,isamu-takagi,2,tier4,wg-leads
kaspermeck-arm,isamu-takagi,2,tier4,arm
kaspermeck-arm,BonoloAWF,1,awf,wg-leads
kaspermeck-arm,BonoloAWF,1,awf,arm
kaspermeck-arm,xmfcx,2,leodrive,wg-leads
kaspermeck-arm,xmfcx,2,leodrive,arm
kaspermeck-arm,ambroise-arm,3,arm,wg-leads
kaspermeck-arm,ambroise-arm,3,arm,arm
kaspermeck-arm,esteve,2,tier4,wg-leads
kaspermeck-arm,esteve,2,tier4,arm
kaspermeck-arm,Sharrrrk,1,autocore,wg-leads
kaspermeck-arm,Sharrrrk,1,autocore,arm
kaspermeck-arm,Sharrrrk,1,maintainers,wg-leads
kaspermeck-arm,Sharrrrk,1,maintainers,arm
kaspermeck-arm,kenji-miyake,4,tier4,wg-leads
kaspermeck-arm,kenji-miyake,4,tier4,arm
kaspermeck-arm,raminterpl,1,interplai.ai,wg-leads
kaspermeck-arm,raminterpl,1,interplai.ai,arm
kaspermeck-arm,HamburgDave,1,wg-leads,wg-leads
kaspermeck-arm,HamburgDave,1,wg-leads,arm
kaspermeck-arm,VRichardJP,1,macnica,wg-leads
kaspermeck-arm,VRichardJP,1,macnica,arm
kaspermeck-arm,angry-crab,1,tier4,wg-leads
kaspermeck-arm,angry-crab,1,tier4,arm
kaspermeck-arm,doganulus,5,Boğaziçi University @bouncmpe,wg-leads
kaspermeck-arm,doganulus,5,Boğaziçi University @bouncmpe,arm
kaspermeck-arm,oguzkaganozt,1,wg-leads,wg-leads
kaspermeck-arm,oguzkaganozt,1,wg-leads,arm
kaspermeck-arm,oguzkaganozt,1,leodrive,wg-leads
kaspermeck-arm,oguzkaganozt,1,leodrive,arm
kaspermeck-arm,yuntianyi-chen,1,"University of California, Irvine",wg-leads
kaspermeck-arm,yuntianyi-chen,1,"University of California, Irvine",arm
Gian-Alessio,takayuki5168,1,tier4,
HuaweiAlgolux,maxime-clem,1,tier4,Huawei
HuaweiAlgolux,WJaworskiRobotec,1,wg-leads,Huawei
HuaweiAlgolux,WJaworskiRobotec,1,robotec,Huawei
HuaweiAlgolux,takayuki5168,1,tier4,Huawei
HuaweiAlgolux,cyn-liu,1,autocore,Huawei
takeshi-iwanari,Autostone-c,1,,tier4
Croquembouche,xmfcx,1,leodrive,wsu
Croquembouche,hatem-darweesh,1,Nagoya University,wsu
Croquembouche,sahapratik5656,1,,wsu
kenichirohatayama,kenji-miyake,1,tier4,tier4
tninja1,shmpwk,1,tier4,
jiangguoding,angry-crab,1,tier4,
jiangguoding,HuaweiAlgolux,1,Huawei,
shulanbushangshu,mitsudome-r,1,tier4,autocore
shulanbushangshu,xmfcx,1,leodrive,autocore
shulanbushangshu,shmpwk,1,tier4,autocore
shulanbushangshu,takayuki5168,1,tier4,autocore
shulanbushangshu,satoshi-ota,1,tier4,autocore
shulanbushangshu,zulfaqar-azmi-t4,1,tier4,autocore
sisaha9,maxime-clem,1,tier4,
sisaha9,rsasaki0109,2,map4,
sisaha9,kosuke55,1,tier4,
lhakim85,kenji-miyake,1,tier4,
lhakim85,YamatoAndo,1,tier4,
lhakim85,TZECHIN6,1,,
lhakim85,beginningfan,1,autocore,
lhakim85,liuXinGangChina,1,autocore,
tkm2261,angry-crab,1,tier4,UC Irvine
Torreskai0722,lhakim85,1,,wsu
bdcong,ralwing,1,Autonomous Systems,
fightingnoble,maxime-clem,1,tier4,Peking University
ralwing,takayuki5168,1,tier4,Autonomous Systems
lilyrosecarnation,takayuki5168,1,tier4,
lilyrosecarnation,tkhmy,1,tier4,
AminoACID123,mitsudome-r,1,tier4,
akorb,isamu-takagi,1,tier4,Technical University of Munich
gaokao123,kenji-miyake,1,tier4,
gaokao123,satoshi-ota,1,tier4,
gaokao123,urayuto,1,tier4,
osholsonel20,takayuki5168,1,tier4,OSHCORP - Advanced Products
osholsonel20,YamatoAndo,1,tier4,OSHCORP - Advanced Products
osholsonel20,hatem-darweesh,1,Nagoya University,OSHCORP - Advanced Products
osholsonel20,TakaHoribe,2,tier4,OSHCORP - Advanced Products
evshary,maxime-clem,1,tier4,adlink
evshary,isamu-takagi,1,tier4,adlink
evshary,xmfcx,1,leodrive,adlink
evshary,shmpwk,1,tier4,adlink
evshary,takayuki5168,2,tier4,adlink
evshary,VRichardJP,1,macnica,adlink
evshary,marcusvinicius178,1,,adlink
evshary,zeidk,1,National Institute of Standards and Technology,adlink
evshary,liuypcoding,1,,adlink
pjj707278870,takayuki5168,1,tier4,
pjj707278870,hatem-darweesh,2,Nagoya University,
enesadastec,mitsudome-r,1,tier4,adastec
enesadastec,meliketanrikulu,1,leodrive,adastec
enesadastec,kminoda,1,tier4,adastec
enesadastec,kenji-miyake,1,tier4,adastec
RalphGarson,maxime-clem,1,tier4,
RalphGarson,evshary,1,adlink,
Mingyu1991,xmfcx,1,leodrive,tier4
Mingyu1991,kenji-miyake,1,tier4,tier4
Mingyu1991,miursh,1,tier4,tier4
StepTurtle,mitsudome-r,1,tier4,leodrive
StepTurtle,meliketanrikulu,1,leodrive,leodrive
StepTurtle,shmpwk,1,tier4,leodrive
StepTurtle,kminoda,1,tier4,leodrive
StepTurtle,KYabuuchi,4,tier4,leodrive
StepTurtle,kedarnadh-123,1,,leodrive
rsasaki0109,mitsudome-r,1,tier4,map4
rsasaki0109,meliketanrikulu,1,leodrive,map4
rsasaki0109,VRichardJP,1,macnica,map4
rsasaki0109,yukkysaito,1,tier4,map4
rsasaki0109,n-patiphon,1,wg-leads,map4
rsasaki0109,n-patiphon,1,map4,map4
sfukuta,gurselturkeri,1,Gaziantep University,tier4
tleyden,maxime-clem,1,tier4,Indie Hacker (formerly Databricks)
tleyden,kenji-miyake,1,tier4,Indie Hacker (formerly Databricks)
tleyden,evshary,2,adlink,Indie Hacker (formerly Databricks)
tleyden,cyhunblr,1,@SUBU-AISET,Indie Hacker (formerly Databricks)
gurselturkeri,maxime-clem,3,tier4,Gaziantep University
gurselturkeri,takayuki5168,1,tier4,Gaziantep University
gurselturkeri,HuaweiAlgolux,1,Huawei,Gaziantep University
gurselturkeri,yukkysaito,1,tier4,Gaziantep University
gurselturkeri,satoshi-ota,1,tier4,Gaziantep University
gurselturkeri,kaancolak,1,leodrive,Gaziantep University
gurselturkeri,TakaHoribe,1,tier4,Gaziantep University
yukkysaito,mitsudome-r,2,tier4,tier4
yukkysaito,xmfcx,2,leodrive,tier4
yukkysaito,kminoda,1,tier4,tier4
yukkysaito,kenji-miyake,3,tier4,tier4
yukkysaito,YamatoAndo,1,tier4,tier4
yukkysaito,TakaHoribe,1,tier4,tier4
yukkysaito,djargot,1,wg-leads,tier4
kosuke55,isamu-takagi,1,tier4,tier4
kosuke55,shmpwk,1,tier4,tier4
kosuke55,kminoda,1,tier4,tier4
kosuke55,mehmetdogru,1,leodrive,tier4
kosuke55,yukkysaito,1,tier4,tier4
kosuke55,MertClk,1,leodrive,tier4
ydcttt,hatem-darweesh,1,Nagoya University,
ydcttt,malayjerdi,1,,
ydcttt,msanchezvicom,1,,
ydcttt,liuXinGangChina,1,autocore,
sethut1224,Autostone-c,1,,
sethut1224,yuasabe,1,tier4,
sethut1224,whbcumtb,1,jdlogistics,
sethut1224,HansRobo,1,tier4,
sethut1224,mackierx111,1,tier4,
PaGu3,takayuki5168,1,tier4,
PaGu3,TakaHoribe,1,tier4,
tzu-lin-huang-128,yukkysaito,1,tier4,
cyn-liu,mitsudome-r,1,tier4,autocore
cyn-liu,xmfcx,2,leodrive,autocore
cyn-liu,kenji-miyake,1,tier4,autocore
cyn-liu,n-patiphon,1,wg-leads,autocore
cyn-liu,n-patiphon,1,map4,autocore
cyn-liu,liuXinGangChina,2,autocore,autocore
cyn-liu,HansRobo,1,tier4,autocore
cyn-liu,caiyuexiang,1,autocore,autocore
satoshi-ota,mitsudome-r,2,tier4,tier4
satoshi-ota,xmfcx,2,leodrive,tier4
satoshi-ota,armaganarsln,1,wg-leads,tier4
satoshi-ota,mehmetdogru,1,leodrive,tier4
satoshi-ota,sisaha9,1,,tier4
satoshi-ota,TakaHoribe,1,tier4,tier4
n-patiphon,enesadastec,1,adastec,wg-leads
n-patiphon,enesadastec,1,adastec,map4
n-patiphon,HamedMesri-TomTom,1,TOMTOM,wg-leads
n-patiphon,HamedMesri-TomTom,1,TOMTOM,map4
n-patiphon,rolandvanvenrooy-tomtom,1,TOMTOM,wg-leads
n-patiphon,rolandvanvenrooy-tomtom,1,TOMTOM,map4
nainaigetuide,YamatoAndo,1,tier4,
nainaigetuide,takeshi-iwanari,1,tier4,
purewater0901,mitsudome-r,1,tier4,tier4
purewater0901,xmfcx,1,leodrive,tier4
purewater0901,yukkysaito,1,tier4,tier4
purewater0901,TakaHoribe,1,tier4,tier4
anilbommareddy,angry-crab,1,tier4,
anilbommareddy,yukkysaito,1,tier4,
anilbommareddy,arjunshetty955,1,,
anilbommareddy,ashkildighin,1,,
anilbommareddy,whbcumtb,1,jdlogistics,
anilbommareddy,liuXinGangChina,1,autocore,
anilbommareddy,harihitode,1,tier4,
malayjerdi,liuXinGangChina,1,autocore,
phoenares,maxime-clem,1,tier4,
phoenares,satoshi-ota,1,tier4,
g2181053,kenji-miyake,1,tier4,
g2181053,evshary,1,adlink,
MarioAlmelaUMH,mitsudome-r,2,tier4,
MarioAlmelaUMH,maxime-clem,1,tier4,
MarioAlmelaUMH,shmpwk,1,tier4,
MarioAlmelaUMH,scepter914,1,tier4,
MarioAlmelaUMH,kenji-miyake,1,tier4,
MarioAlmelaUMH,lhakim85,1,,
MarioAlmelaUMH,evshary,1,adlink,
MarioAlmelaUMH,yukkysaito,1,tier4,
MarioAlmelaUMH,damodarRohit,1,Danlaw,
MarioAlmelaUMH,ktro2828,1,tier4,
marcusvinicius178,isamu-takagi,1,tier4,
marcusvinicius178,kminoda,1,tier4,
marcusvinicius178,ajay1606,1,,
marcusvinicius178,VRichardJP,1,macnica,
marcusvinicius178,rsasaki0109,1,map4,
marcusvinicius178,yukkysaito,1,tier4,
marcusvinicius178,kosuke55,1,tier4,
marcusvinicius178,lionator,1,Hochschule Heilbronn,
marcusvinicius178,n-patiphon,1,wg-leads,
marcusvinicius178,n-patiphon,1,map4,
marcusvinicius178,KYabuuchi,1,tier4,
marcusvinicius178,tseco15,1,,
arjunshetty955,kenji-miyake,1,tier4,
arjunshetty955,anilbommareddy,1,,
arjunshetty955,ashkildighin,1,,
ismetatabay,takayuki5168,1,tier4,leodrive
ismetatabay,satoshi-ota,1,tier4,leodrive
Ryujiyasu,maxime-clem,1,tier4,M2labo
Ryujiyasu,satoshi-ota,1,tier4,M2labo
nbehrnbehr,shmpwk,1,tier4,
nbehrnbehr,zhuyingxiang95,1,,
nbehrnbehr,whbcumtb,1,jdlogistics,
nbehrnbehr,mackierx111,1,tier4,
nbehrnbehr,mertbacaksiz,1,,
cjffly,mitsudome-r,1,tier4,
cjffly,maxime-clem,1,tier4,
cjffly,shmpwk,1,tier4,
cjffly,kenji-miyake,2,tier4,
cjffly,rsasaki0109,1,map4,
cjffly,n-patiphon,1,wg-leads,
cjffly,n-patiphon,1,map4,
cjffly,Tanishq30052002,1,IIT(ISM) Dhanbad,
cjffly,whbcumtb,1,jdlogistics,
tongyucong,kenji-miyake,1,tier4,
Youneko,isamu-takagi,1,tier4,tier4
donnieliu,takayuki5168,2,tier4,
patelabhay-12,kenji-miyake,1,tier4,
patelabhay-12,HansRobo,1,tier4,
wangxianggang1997,mitsudome-r,3,tier4,
wangxianggang1997,maxime-clem,1,tier4,
wangxianggang1997,kminoda,1,tier4,
wangxianggang1997,lhakim85,1,,
wangxianggang1997,rsasaki0109,3,map4,
wangxianggang1997,yukkysaito,2,tier4,
wangxianggang1997,beginningfan,1,autocore,
wangxianggang1997,Autostone-c,1,,
wangxianggang1997,cycyc1949,1,jdlogistics,
wangxianggang1997,yukke42,1,tier4,
wangxianggang1997,liuXinGangChina,1,autocore,
LiangHuangBC,evshary,1,adlink,
mariosebasco,xmfcx,1,leodrive,HDT  Global
KhalilSelyan,isamu-takagi,1,tier4,leodrive
KhalilSelyan,xmfcx,1,leodrive,leodrive
KhalilSelyan,zulfaqar-azmi-t4,2,tier4,leodrive
KhalilSelyan,liuXinGangChina,1,autocore,leodrive
KhalilSelyan,buraakozcan,1,,leodrive
nicolasdec,mitsudome-r,1,tier4,
adnanhaf,shmpwk,1,tier4,Tome Software
adnanhaf,lhakim85,1,,Tome Software
adnanhaf,yukkysaito,1,tier4,Tome Software
adnanhaf,lsteinosk,1,,Tome Software
JianKangEgon,takayuki5168,1,tier4,autocore
JianKangEgon,liuXinGangChina,1,autocore,autocore
batuhanbeytekin,miursh,1,tier4,leodrive
lianbin,satoshi-ota,1,tier4,
Robotics010,mitsudome-r,1,tier4,
Robotics010,maxime-clem,2,tier4,
Robotics010,kminoda,1,tier4,
joewong00,kenji-miyake,1,tier4,HelloWorld Robotics
joewong00,evshary,1,adlink,HelloWorld Robotics
AndriiChumak145,mitsudome-r,1,tier4,
AndriiChumak145,maxime-clem,1,tier4,
AndriiChumak145,YamatoAndo,1,tier4,
AndriiChumak145,yukkysaito,1,tier4,
HamedMesri-TomTom,yukkysaito,1,tier4,TOMTOM
HamedMesri-TomTom,n-patiphon,1,wg-leads,TOMTOM
HamedMesri-TomTom,n-patiphon,1,map4,TOMTOM
peaky-quest,zulfaqar-azmi-t4,1,tier4,
kaancolak,yukkysaito,1,tier4,leodrive
kaancolak,badai-nguyen,1,tier4,leodrive
kaancolak,yukke42,1,tier4,leodrive
mshah72,maxime-clem,1,tier4,Arizona State University
mshah72,isamu-takagi,2,tier4,Arizona State University
mshah72,kenji-miyake,1,tier4,Arizona State University
mshah72,evshary,1,adlink,Arizona State University
mshah72,kosuke55,1,tier4,Arizona State University
lchojnack,kosuke55,1,tier4,robotec
ahmeddesokyebrahim,mitsudome-r,2,tier4,leodrive
ahmeddesokyebrahim,maxime-clem,1,tier4,leodrive
ahmeddesokyebrahim,xmfcx,1,leodrive,leodrive
ahmeddesokyebrahim,armaganarsln,1,wg-leads,leodrive
ahmeddesokyebrahim,mehmetdogru,1,leodrive,leodrive
ahmeddesokyebrahim,purewater0901,1,tier4,leodrive
ahmeddesokyebrahim,TakaHoribe,3,tier4,leodrive
yvzksgl,n-patiphon,1,wg-leads,leodrive
yvzksgl,n-patiphon,1,map4,leodrive
leeseho,lhakim85,1,,
leeseho,AviBen96,1,King's College London,
leeseho,HansRobo,1,tier4,
saicsk-deloitte,mitsudome-r,1,tier4,
saicsk-deloitte,maxime-clem,1,tier4,
saicsk-deloitte,Robotics010,1,,
pradhanshrijal,mitsudome-r,1,tier4,DLR SE
pradhanshrijal,yukkysaito,1,tier4,DLR SE
pradhanshrijal,kosuke55,1,tier4,DLR SE
pukachupenn,esteve,1,tier4,tier4
pukachupenn,doganulus,1,Boğaziçi University @bouncmpe,tier4
Hensbag,mitsudome-r,1,tier4,
Hensbag,maxime-clem,5,tier4,
Hensbag,shmpwk,1,tier4,
Hensbag,kminoda,2,tier4,
Hensbag,takayuki5168,1,tier4,
Hensbag,lhakim85,1,,
Hensbag,evshary,1,adlink,
Hensbag,rsasaki0109,1,map4,
Hensbag,TZECHIN6,1,,
Hensbag,damodarRohit,2,Danlaw,
Hensbag,beginningfan,1,autocore,
Hensbag,SakodaShintaro,1,tier4,
Hensbag,TaikiYamada4,1,tier4,
Hensbag,muratgozum45,1,,
Hensbag,whbcumtb,1,jdlogistics,
Hensbag,liuXinGangChina,1,autocore,
YusufDALAK,maxime-clem,1,tier4,
YusufDALAK,yukkysaito,1,tier4,
YusufDALAK,zulfaqar-azmi-t4,1,tier4,
nitro6206,shmpwk,1,tier4,
nitro6206,evshary,1,adlink,
nitro6206,yukkysaito,1,tier4,
nitro6206,fadimecetiner,1,,
AviBen96,zulfaqar-azmi-t4,1,tier4,King's College London
sykwer,xmfcx,1,leodrive,tier4
sykwer,mgarnett21,1,,tier4
joseph16388,maxime-clem,1,tier4,
joseph16388,satoshi-ota,1,tier4,
izzetbasli,maxime-clem,1,tier4,
izzetbasli,fadimecetiner,1,,
wutianze,ktro2828,1,tier4,
jbyang1,wangxianggang1997,1,,MORAI Inc.
jediofgever,Autostone-c,1,,NMBU
jediofgever,whbcumtb,1,jdlogistics,NMBU
jediofgever,amadeuszsz,1,Poznan University of Technology,NMBU
damodarRohit,mitsudome-r,2,tier4,Danlaw
damodarRohit,maxime-clem,1,tier4,Danlaw
damodarRohit,evshary,2,adlink,Danlaw
damodarRohit,rsasaki0109,1,map4,Danlaw
damodarRohit,yukkysaito,1,tier4,Danlaw
damodarRohit,Hensbag,1,,Danlaw
damodarRohit,Autostone-c,1,,Danlaw
damodarRohit,liuzf1988,1,autocore,Danlaw
damodarRohit,markusschratter,1,,Danlaw
benrbray,maxime-clem,1,tier4,Univeristy of Michigan
beyzanurkaya,maxime-clem,1,tier4,leodrive
beyzanurkaya,armaganarsln,1,wg-leads,leodrive
beyzanurkaya,mehmetdogru,1,leodrive,leodrive
beyzanurkaya,badai-nguyen,1,tier4,leodrive
albiim,maxime-clem,1,tier4,Danlaw
albiim,sudhsrik,1,,Danlaw
albiim,liuXinGangChina,1,autocore,Danlaw
Kim-mins,mitsudome-r,2,tier4,Korea University
Kim-mins,doganulus,1,Boğaziçi University @bouncmpe,Korea University
Kim-mins,evshary,4,adlink,Korea University
Kim-mins,Autostone-c,1,,Korea University
Kim-mins,mackierx111,1,tier4,Korea University
Kim-mins,RogerJung,1,,Korea University
yangjiameng,whbcumtb,1,jdlogistics,
yangjiameng,villaoningfootball,1,,
Nick79919030,mitsudome-r,1,tier4,
zhuyingxiang95,mitsudome-r,1,tier4,
zhuyingxiang95,maxime-clem,1,tier4,
zhuyingxiang95,shmpwk,1,tier4,
zhuyingxiang95,mackierx111,1,tier4,
zillur-av,mitsudome-r,1,tier4,"University of Nevada, Las Vegas"
zillur-av,maxime-clem,5,tier4,"University of Nevada, Las Vegas"
zillur-av,isamu-takagi,1,tier4,"University of Nevada, Las Vegas"
zillur-av,esteve,1,tier4,"University of Nevada, Las Vegas"
zillur-av,VRichardJP,2,macnica,"University of Nevada, Las Vegas"
zillur-av,mehmetdogru,2,leodrive,"University of Nevada, Las Vegas"
zillur-av,evshary,1,adlink,"University of Nevada, Las Vegas"
zillur-av,rsasaki0109,1,map4,"University of Nevada, Las Vegas"
zillur-av,yukkysaito,1,tier4,"University of Nevada, Las Vegas"
zillur-av,TZECHIN6,1,,"University of Nevada, Las Vegas"
zillur-av,albiim,1,Danlaw,"University of Nevada, Las Vegas"
zillur-av,drwnz,1,tier4,"University of Nevada, Las Vegas"
zillur-av,KYabuuchi,5,tier4,"University of Nevada, Las Vegas"
zillur-av,felixf4xu,1,,"University of Nevada, Las Vegas"
zillur-av,hzkkk1997,1,,"University of Nevada, Las Vegas"
zillur-av,miursh,1,tier4,"University of Nevada, Las Vegas"
zillur-av,zulfaqar-azmi-t4,1,tier4,"University of Nevada, Las Vegas"
Bistuwwh,maxime-clem,1,tier4,
mayacarla2070,kminoda,1,tier4,
mayacarla2070,sayondeep,1,IIT Hyderabad,
beginningfan,mitsudome-r,1,tier4,autocore
beginningfan,maxime-clem,1,tier4,autocore
beginningfan,lhakim85,1,,autocore
beginningfan,badai-nguyen,1,tier4,autocore
beginningfan,liuXinGangChina,2,autocore,autocore
beginningfan,gdengchao,1,,autocore
ryanyej,maxime-clem,1,tier4,
sudhsrik,mitsudome-r,1,tier4,
sudhsrik,MrOCW,1,,
sudhsrik,kaspermeck-arm,1,wg-leads,
sudhsrik,kaspermeck-arm,1,arm,
sudhsrik,chishengshih,1,wg-leads,
sudhsrik,Autostone-c,1,,
sudhsrik,oguzkaganozt,1,wg-leads,
sudhsrik,oguzkaganozt,1,leodrive,
sudhsrik,cycyc1949,1,jdlogistics,
sudhsrik,amadeuszsz,1,Poznan University of Technology,
sudhsrik,JonasHablitzel,1,Forschungsinstitut für Kraftfahrwesen und Fahrzeugmotoren Stuttgart,
Tester2009,damodarRohit,1,Danlaw,
davutcanakbas,mitsudome-r,1,tier4,adastec
davutcanakbas,maxime-clem,1,tier4,adastec
davutcanakbas,meliketanrikulu,1,leodrive,adastec
davutcanakbas,kminoda,1,tier4,adastec
davutcanakbas,n-patiphon,1,wg-leads,adastec
davutcanakbas,n-patiphon,1,map4,adastec
davutcanakbas,yvzksgl,1,leodrive,adastec
asa-naki,shmpwk,1,tier4,tier4
asa-naki,kminoda,1,tier4,tier4
asa-naki,kenji-miyake,1,tier4,tier4
SakodaShintaro,kminoda,2,tier4,tier4
SakodaShintaro,kenji-miyake,2,tier4,tier4
SakodaShintaro,taikitanaka3,1,tier4,tier4
LIIHWF,takayuki5168,1,tier4,
LIIHWF,badai-nguyen,1,tier4,
screenflip,shmpwk,2,tier4,map4
drwnz,xmfcx,2,leodrive,tier4
drwnz,VRichardJP,1,macnica,tier4
drwnz,lexavtanke,1,leodrive,tier4
Naophis,shmpwk,1,tier4,tier4
Naophis,takayuki5168,1,tier4,tier4
justin-ucdavis,maxime-clem,1,tier4,
goomy241,maxime-clem,1,tier4,
goomy241,VRichardJP,1,macnica,
gauthamnarayan,knzo25,1,tier4,Carnegie Mellon University
gauthamnarayan,yukke42,1,tier4,Carnegie Mellon University
logihp,shmpwk,1,tier4,
logihp,shulanbushangshu,1,autocore,
zymgp,shmpwk,1,tier4,
zymgp,yuasabe,1,tier4,
vnodpangul,VRichardJP,1,macnica,
KYabuuchi,mitsudome-r,1,tier4,tier4
KYabuuchi,maxime-clem,1,tier4,tier4
KYabuuchi,kenji-miyake,1,tier4,tier4
KYabuuchi,VRichardJP,1,macnica,tier4
KYabuuchi,doganulus,1,Boğaziçi University @bouncmpe,tier4
KYabuuchi,yukkysaito,1,tier4,tier4
KYabuuchi,n-patiphon,1,wg-leads,tier4
KYabuuchi,n-patiphon,1,map4,tier4
TakaHoribe,xmfcx,2,leodrive,tier4
TakaHoribe,brkay54,1,leodrive,tier4
TakaHoribe,kosuke55,1,tier4,tier4
TakaHoribe,ahmeddesokyebrahim,1,leodrive,tier4
RAAA-Alaguvel-Armstrong,maxime-clem,1,tier4,
TaikiYamada4,kosuke55,2,tier4,tier4
TaikiYamada4,TakaHoribe,1,tier4,tier4
shintaro-mori,kminoda,1,tier4,
shintaro-mori,evshary,1,adlink,
shintaro-mori,rsasaki0109,1,map4,
shintaro-mori,wep21,1,tier4,
chishengshih,pedrorito,1,@nap-it,wg-leads
porizou,takayuki5168,1,tier4,
porizou,yukkysaito,1,tier4,
porizou,Shin-kyoto,1,tier4,
kshitiz-deloitte,VRichardJP,1,macnica,
kshitiz-deloitte,evshary,1,adlink,
kshitiz-deloitte,dilloncsr,1,,
LGerstla01,maxime-clem,1,tier4,
LGerstla01,major2012ye,1,,
major2012ye,kosuke55,1,tier4,
major2012ye,J-xinyu,1,thu,
major2012ye,kyoichi-sugahara,1,tier4,
major2012ye,wbq0206,1,jdlogistics,
L-Net-1992,damodarRohit,1,Danlaw,CASIC
L-Net-1992,idorobotics,1,awf,CASIC
Autostone-c,maxime-clem,3,tier4,
Autostone-c,evshary,1,adlink,
Autostone-c,felixf4xu,1,,
Autostone-c,whbcumtb,2,jdlogistics,
Autostone-c,greensky0802,1,jdlogistics,
hcn1519,kminoda,1,tier4,
JoonKi0111,kminoda,1,tier4,
JoonKi0111,kaancolak,1,leodrive,
JoonKi0111,badai-nguyen,1,tier4,
JoonKi0111,yukke42,1,tier4,
JoonKi0111,ktro2828,1,tier4,
prabanjanGITHUB,evshary,2,adlink,
prabanjanGITHUB,Tanishq30052002,1,IIT(ISM) Dhanbad,
prabanjanGITHUB,Shin-kyoto,1,tier4,
prabanjanGITHUB,RamanaBotta,1,,
yuasabe,Croquembouche,1,wsu,tier4
yuasabe,davidc0619,1,wg-leads,tier4
yuasabe,jp-amaral,1,,tier4
Tanishq30052002,mitsudome-r,1,tier4,IIT(ISM) Dhanbad
Tanishq30052002,rsasaki0109,1,map4,IIT(ISM) Dhanbad
Tanishq30052002,Shin-kyoto,1,tier4,IIT(ISM) Dhanbad
yaukaizhi,mitsudome-r,1,tier4,
yaukaizhi,maxime-clem,1,tier4,
yaukaizhi,J-xinyu,1,thu,
zeidk,evshary,1,adlink,National Institute of Standards and Technology
lishizhen1412,maxime-clem,1,tier4,
museas-azm,maxime-clem,1,tier4,
sarubito,Shin-kyoto,1,tier4,Osaka Institute of Technology
inwoong32,TZECHIN6,1,,
inwoong32,Shin-kyoto,2,tier4,
DaikiNiimi,kminoda,1,tier4,
yoneyoneclub,letsgoniaoniao,1,,
J-xinyu,xmfcx,1,leodrive,thu
J-xinyu,VRichardJP,1,macnica,thu
J-xinyu,satoshi-ota,1,tier4,thu
J-xinyu,badai-nguyen,1,tier4,thu
J-xinyu,ktro2828,1,tier4,thu
pojenwang,Autostone-c,1,,wg-leads
pojenwang,Autostone-c,1,,awf
pojenwang,J-xinyu,1,thu,wg-leads
pojenwang,J-xinyu,1,thu,awf
felixf4xu,mitsudome-r,1,tier4,
felixf4xu,maxime-clem,1,tier4,
felixf4xu,isamu-takagi,1,tier4,
felixf4xu,whbcumtb,1,jdlogistics,
polurik,Shin-kyoto,1,tier4,tier4
polurik,ktro2828,1,tier4,tier4
tomaszkapron,Tanishq30052002,1,IIT(ISM) Dhanbad,
oguzkaganozt,chishengshih,1,wg-leads,wg-leads
oguzkaganozt,chishengshih,1,wg-leads,leodrive
davidc0619,mitsudome-r,1,tier4,wg-leads
davidc0619,isamu-takagi,1,tier4,wg-leads
davidc0619,damodarRohit,1,Danlaw,wg-leads
davidc0619,yuasabe,2,tier4,wg-leads
mosss-code,lhakim85,1,,
mosss-code,J-xinyu,1,thu,
mosss-code,zulfaqar-azmi-t4,1,tier4,
mosss-code,Shin-kyoto,1,tier4,
fiwz789,maxime-clem,1,tier4,
AhmadAmine998,takayuki5168,1,tier4,upenn
AhmadAmine998,TakaHoribe,1,tier4,upenn
AhmadAmine998,rej55,1,tier4,upenn
hoppss,maxime-clem,1,tier4,
radolin,HamburgDave,1,wg-leads,
radolin,kaspermeck-arm,1,wg-leads,
radolin,kaspermeck-arm,1,arm,
radolin,jerry73204,1,,
lixianqiang,maxime-clem,1,tier4,
lixianqiang,TakaHoribe,1,tier4,
AElkenawy,zulfaqar-azmi-t4,1,tier4,
AElkenawy,wbq0206,1,jdlogistics,
AElkenawy,Levinskis,1,,
xoofee,maxime-clem,1,tier4,
Kaipa-Charan,mitsudome-r,1,tier4,
Kaipa-Charan,kyoichi-sugahara,1,tier4,
pflee2002,maxime-clem,1,tier4,
dilloncsr,takayuki5168,1,tier4,
dilloncsr,Autostone-c,1,,
hdossaji94,mitsudome-r,1,tier4, Airtrek Robotics
hdossaji94,VRichardJP,1,macnica, Airtrek Robotics
hdossaji94,ismetatabay,1,leodrive, Airtrek Robotics
hdossaji94,Kaipa-Charan,1,, Airtrek Robotics
plainspoken-chris,maxime-clem,1,tier4,
plainspoken-chris,hzkkk1997,1,,
plainspoken-chris,hakuturu583,1,tier4,
yama42326,brkay54,1,leodrive,
yama42326,drwnz,1,tier4,
pandyah,rsasaki0109,1,map4,
hzkkk1997,kminoda,1,tier4,
hzkkk1997,lexavtanke,1,leodrive,
hzkkk1997,cycyc1949,1,jdlogistics,
hzkkk1997,HansRobo,2,tier4,
hakanaktass,kminoda,2,tier4,
zzx568730371,maxime-clem,1,tier4,
MechanoPixel,amc-nu,1,map4,
okataka123,maxime-clem,1,tier4,
okataka123,rsasaki0109,1,map4,
yuntianyi-chen,maxime-clem,1,tier4,"University of California, Irvine"
yuntianyi-chen,esteve,1,tier4,"University of California, Irvine"
yuntianyi-chen,HamburgDave,1,wg-leads,"University of California, Irvine"
yuntianyi-chen,doganulus,1,Boğaziçi University @bouncmpe,"University of California, Irvine"
yuntianyi-chen,kaspermeck-arm,1,wg-leads,"University of California, Irvine"
yuntianyi-chen,kaspermeck-arm,1,arm,"University of California, Irvine"
lawbreaker2022,yuasabe,1,tier4,
TAICHInoda,maxime-clem,1,tier4,
TAICHInoda,zillur-av,1,"University of Nevada, Las Vegas",
muratgozum45,isamu-takagi,1,tier4,
muratgozum45,zillur-av,1,"University of Nevada, Las Vegas",
muratgozum45,badai-nguyen,2,tier4,
norikenpi,taikitanaka3,1,tier4,tier4
norikenpi,wbq0206,1,jdlogistics,tier4
whbcumtb,hakuturu583,1,tier4,jdlogistics
lorenzzhao,kminoda,1,tier4,
lorenzzhao,isouf,1,,
TobiasMascetta,mitsudome-r,1,tier4,
TobiasMascetta,isamu-takagi,1,tier4,
eromreve123,zillur-av,1,"University of Nevada, Las Vegas",
eromreve123,whbcumtb,1,jdlogistics,
dotun457,amc-nu,1,map4,
ziri4k,maxime-clem,2,tier4,
hliu869,SakodaShintaro,1,tier4,
hliu869,KYabuuchi,1,tier4,
mkakh,soblin,1,tier4,tier4
mkakh,wbq0206,1,jdlogistics,tier4
adi-driveu,wbq0206,1,jdlogistics,
yuanchao16,maxime-clem,1,tier4,
yuanchao16,VRichardJP,1,macnica,
yuanchao16,rsasaki0109,1,map4,
doyan00,maxime-clem,1,tier4,
IDS-zhangxr,idorobotics,1,awf,
danicannt,brkay54,1,leodrive,
danicannt,yukkysaito,1,tier4,
danicannt,KYabuuchi,1,tier4,
danicannt,Autostone-c,1,,
YashuMessi18,mitsudome-r,1,tier4,
YashuMessi18,wbq0206,1,jdlogistics,
KASUYASU,maxime-clem,1,tier4,
KASUYASU,VRichardJP,1,macnica,
wifo130,mitsudome-r,1,tier4,
boyang9602,yukkysaito,1,tier4,
boyang9602,miursh,1,tier4,
chavankunal,mitsudome-r,1,tier4,
stefanofio,idorobotics,1,awf,
klausmikealsontheking,YamatoAndo,1,tier4,
tseco15,zulfaqar-azmi-t4,1,tier4,
chivas1000,YamatoAndo,1,tier4,
npnquang,whbcumtb,1,jdlogistics,
npnquang,KASUYASU,1,,
npnquang,dylan-gonzalez,1,,
